port_type,port_name,ship_count,action,map_to_port,notes
destination,ALEXANDRA DOCK,591,REVIEW,,"Dock name - multiple cities, needs human review"
destination,THE TIMBER TRADES JOURNAL,429,ERROR,,OCR error - journal header/advertisement
destination,SURREY COMMERCIAL DOCK,350,REVIEW,,Dock/wharf - needs context to determine city
destination,VICTORIA DOCK,303,REVIEW,,"Dock name - multiple cities, needs human review"
destination,VICTORIA AND ALBERT DOCKS,186,REVIEW,,"Dock name - multiple cities, needs human review"
destination,IMPORTS,182,ERROR,,OCR error - journal header/advertisement
destination,HARTLEPOOL,178,MAP,Hartlepool,Capitalization fix
destination,ALBERT DOCK,124,REVIEW,,"Dock name - multiple cities, needs human review"
destination,MILLWALL DOCK,117,REVIEW,,"Dock name - multiple cities, needs human review"
destination,CANADA DOCK,110,REVIEW,,"Dock name - multiple cities, needs human review"
destination,MANCHESTER,96,MAP,Manchester,Capitalization fix
destination,AVONMOUTH DOCK,91,REVIEW,,Dock/wharf - needs context to determine city
destination,HORNBY DOCK,90,REVIEW,,Dock/wharf - needs context to determine city
destination,A SUBSTANTIAL GUARANTEE GIVEN WITH EVERY MAIN DRIVING BELT,80,ERROR,,OCR error - journal header/advertisement
destination,VICTORIA AND ALBERT DOCK,75,REVIEW,,"Dock name - multiple cities, needs human review"
destination,PINE,66,ERROR,,"Commodity name, not a port"
destination,RAILWAY DOCK,65,REVIEW,,"Dock name - multiple cities, needs human review"
destination,GARSTON DOCK,59,REVIEW,,Dock/wharf - needs context to determine city
destination,METHIL,55,MAP,Methil,Capitalization fix
destination,QUEEN'S DOCK,55,REVIEW,,"Dock name - multiple cities, needs human review"
destination,TOXTETH DOCK,54,REVIEW,,Dock/wharf - needs context to determine city
destination,BROCKLEBANK DOCK,51,REVIEW,,Dock/wharf - needs context to determine city
destination,WEST INDIA DOCK,49,REVIEW,,"Dock name - multiple cities, needs human review"
destination,PRESTON,49,MAP,Preston,Capitalization fix
destination,OTHER DOCKS,48,REVIEW,,Dock/wharf - needs context to determine city
destination,SPRUCE,47,ERROR,,"Commodity name, not a port"
destination,BIRKENHEAD DOCK,45,REVIEW,,Dock/wharf - needs context to determine city
destination,TILBURY DOCK,43,REVIEW,,Dock/wharf - needs context to determine city
destination,PITCH PINE,41,ERROR,,"Commodity name, not a port"
destination,CARRIERS' DOCK,41,REVIEW,,Dock/wharf - needs context to determine city
destination,GRAVESEND,39,MAP,Gravesend,Capitalization fix
destination,LANGTON DOCK,39,REVIEW,,Dock/wharf - needs context to determine city
destination,REVIEWS,36,ERROR,,OCR error - journal header/advertisement
destination,SURREY DOCKS,33,REVIEW,,Dock/wharf - needs context to determine city
destination,HAVRE,33,MAP,Havre,Capitalization fix
destination,HARRINGTON DOCK,31,REVIEW,,Dock/wharf - needs context to determine city
destination,HUSKISSON DOCK,30,REVIEW,,Dock/wharf - needs context to determine city
destination,MOULDING,30,ERROR,,"Commodity name, not a port"
destination,KIRKWALL,29,MAP,Kirkwall,Capitalization fix
destination,EDINBURGH,28,MAP,Edinburgh,Capitalization fix
destination,ALBANY,27,MAP,Albany,Capitalization fix
destination,FAILURES AND ARRANGEMENTS,24,ERROR,,OCR error - journal header/advertisement
destination,WILLIAM WRIGHT'S DOCK,22,REVIEW,,Dock/wharf - needs context to determine city
destination,IRVINE,21,MAP,Irvine,Capitalization fix
destination,BONESS,20,MAP,Bo'ness,Capitalization fix
destination,SEEDLING AND TRANSPLANTED FOREST TREES,20,ERROR,,OCR error - journal header/advertisement
destination,LATHWOOD,20,ERROR,,"Commodity name, not a port"
destination,THE HAWAIIAN ISLANDS,20,ERROR,,OCR error - journal header/advertisement
destination,COBURG DOCK,20,REVIEW,,Dock/wharf - needs context to determine city
destination,SALFORD DOCK,20,REVIEW,,Dock/wharf - needs context to determine city
destination,ALBANY DOCK,19,REVIEW,,Dock/wharf - needs context to determine city
destination,MORRISONSHAVEN,18,MAP,Morrisonshaven,Capitalization fix
destination,THE TIMBER TRADES' JOURNAL,17,ERROR,,OCR error - journal header/advertisement
destination,WEATHERBOARDS,17,ERROR,,"Commodity name, not a port"
destination,ENGLAND AND WALES,16,ERROR,,OCR error - journal header/advertisement
destination,A SUBSTANTIAL GARANTEE GIVEN WITH EVERY MAIN DRIVING BELT,16,ERROR,,OCR error - journal header/advertisement
destination,ST. KATHARINE'S DOCKS,16,REVIEW,,Dock/wharf - needs context to determine city
destination,LONG REACH,16,REVIEW,,Dock/wharf - needs context to determine city
destination,HAY'S WHARF,16,REVIEW,,Dock/wharf - needs context to determine city
destination,FREIGHTS,15,ERROR,,OCR error - journal header/advertisement
destination,DARTMOUTH,15,MAP,Dartmouth,Capitalization fix
destination,GRAYS,15,MAP,Grays,Capitalization fix
destination,PRINCE REGENT'S WHARF,15,REVIEW,,Dock/wharf - needs context to determine city
destination,ST. KATHARINE'S DOCK,15,REVIEW,,Dock/wharf - needs context to determine city
destination,SLATING BATTENS,15,ERROR,,"Commodity name, not a port"
destination,OAK TIMBER,15,ERROR,,"Commodity name, not a port"
destination,ADELAIDE,15,MAP,Adelaide,Capitalization fix
destination,MAHOGANY,15,ERROR,,"Commodity name, not a port"
destination,NEWPORT (MON),15,MAP,Newport (Mon.),Capitalization fix
destination,DROGHEDA,14,MAP,Drogheda,Capitalization fix
destination,COLERAINE,14,MAP,Coleraine,Capitalization fix
destination,SWANWICH,14,MAP,Swansea,Capitalization fix
destination,ASH,14,ERROR,,"Commodity name, not a port"
destination,TYNEMOUTH,13,MAP,Tynemouth,Capitalization fix
destination,ROYAL ALBERT DOCK,13,REVIEW,,"Dock name - multiple cities, needs human review"
destination,EVERY DESCRIPTION OF BALTIC AND AMERICAN TIMBER,13,ERROR,,OCR error - journal header/advertisement
destination,AT THE MILLWALL DOCKS,13,ERROR,,OCR error - journal header/advertisement
destination,AVONMOUTH,13,MAP,Avonmouth,Capitalization fix
destination,POST FREE ON APPLICATION,12,ERROR,,OCR error - journal header/advertisement
destination,EXPORT ORDERS PROMPTLY EXECUTED,12,ERROR,,OCR error - journal header/advertisement
destination,WEST WOOD WHARF,12,REVIEW,,Dock/wharf - needs context to determine city
destination,COMMERCIAL DOCK,12,REVIEW,,Dock/wharf - needs context to determine city
destination,LIQUIDATIONS,11,ERROR,,OCR error - journal header/advertisement
destination,AT NEW ORLEANS,11,ERROR,,OCR error - journal header/advertisement
destination,LONDON AND CONTINENTAL WHARF,11,REVIEW,,Dock/wharf - needs context to determine city
destination,VENEERS OF ALL KINDS,11,ERROR,,OCR error - journal header/advertisement
destination,ROBERT PARKER & CO,11,ERROR,,OCR error - journal header/advertisement
destination,MIDDLESBRO',10,MAP,Middlesbrough,Capitalization fix
destination,SILVERTOWN,10,MAP,Silvertown,Capitalization fix
destination,CARLISLE,10,MAP,Carlisle,Capitalization fix
destination,THE MISSISSIPPI VALLEY,9,ERROR,,OCR error - journal header/advertisement
destination,STRANRAER,9,MAP,Stranraer,Capitalization fix
destination,WIGTOWN,9,MAP,Wigtown,Capitalization fix
destination,PADSTOW,9,MAP,Padstow,Capitalization fix
destination,MILL HOLE,9,,,
destination,BARNARD'S WHARF,9,REVIEW,,Dock/wharf - needs context to determine city
destination,BRANCH YARD AT NEWBURGH,9,ERROR,,OCR error - journal header/advertisement
destination,STOCKHOLM,9,MAP,Stockholm,Capitalization fix
destination,AND ALL VARIETIES OF FANCY WOODS,9,ERROR,,OCR error - journal header/advertisement
destination,GOOLE (WEST),9,MAP,Goole (West),Capitalization fix
destination,ONE,9,ERROR,,OCR error - journal header/advertisement
destination,IN THE WORLD,9,ERROR,,OCR error - journal header/advertisement
destination,WESTPORT,8,MAP,Westport,Capitalization fix
destination,CLIFFE CREEK,8,,,
destination,READING,8,MAP,Reading,Capitalization fix
destination,ROYAL VICTORIA DOCKS,8,REVIEW,,"Dock name - multiple cities, needs human review"
destination,AUSTRALIAN TIMBER TRADE,8,ERROR,,OCR error - journal header/advertisement
destination,ALEXANDRA DOCKS,8,REVIEW,,"Dock name - multiple cities, needs human review"
destination,UNION DOCK,8,REVIEW,,"Dock name - multiple cities, needs human review"
destination,AHOGANY,8,ERROR,,"Commodity name, not a port"
destination,BORDEAUX,8,MAP,Bordeaux,Capitalization fix
destination,EST,8,ERROR,,OCR error - journal header/advertisement
destination,TIMBER FROM CORSICA,8,ERROR,,OCR error - journal header/advertisement
destination,BREWER'S QUAY,7,,,
destination,REGENT'S CANAL,7,,,
destination,DEPTFORD BUOYS,7,REVIEW,,Dock/wharf - needs context to determine city
destination,EAST INDIA DOCKS,7,REVIEW,,Dock/wharf - needs context to determine city
destination,PURFLEET,7,MAP,Purfleet,Capitalization fix
destination,FALKIRK,7,MAP,Falkirk,Capitalization fix
destination,LONDON DOCKS,7,REVIEW,,Dock/wharf - needs context to determine city
destination,ILLUSTRATED CATALOGUES FREE ON APPLICATION,7,ERROR,,OCR error - journal header/advertisement
destination,LIMEHOUSE REACH,7,REVIEW,,Dock/wharf - needs context to determine city
destination,THE STANDARD TIMBER MEASURER,7,ERROR,,OCR error - journal header/advertisement
destination,BEAD,7,ERROR,,"Commodity name, not a port"
destination,MOULDINGS,7,ERROR,,"Commodity name, not a port"
destination,TORUS SKIRTING,7,ERROR,,"Commodity name, not a port"
destination,R & CO,7,ERROR,,OCR error - journal header/advertisement
destination,DALTON,7,,,
destination,NEWPORT MON,7,MAP,Newport (Mon.),Capitalization fix
destination,SOUTH QUEENSFERRY,6,MAP,South Queensferry,Capitalization fix
destination,DOUGLAS (ISLE OF MAN),6,MAP,Douglas (Isle of Man),Capitalization fix
destination,SKIBBEREEN,6,MAP,Skibbereen,Capitalization fix
destination,ERRATUM,6,ERROR,,OCR error - journal header/advertisement
destination,KIRKOALDY,6,MAP,Kirkcaldy,Capitalization fix
destination,SPECIFICATIONS OF THE FOLLOWING HAVE BEEN PUBLISHED,6,ERROR,,OCR error - journal header/advertisement
destination,OAK,6,ERROR,,"Commodity name, not a port"
destination,BOSTON DOCK,6,REVIEW,,"Dock name - multiple cities, needs human review"
destination,RUNCORN DOCK,6,REVIEW,,"Dock name - multiple cities, needs human review"
destination,VENEERS,6,ERROR,,"Commodity name, not a port"
destination,SLAB BOARDS,6,ERROR,,"Commodity name, not a port"
destination,WRITE FOR CATALOGUE,6,ERROR,,OCR error - journal header/advertisement
destination,TRADE MARK,6,ERROR,,OCR error - journal header/advertisement
destination,ST. LOUIS (ANCHOR) BRAND,6,ERROR,,"Commodity name, not a port"
destination,RUNCORN,5,MAP,Runcorn,Capitalization fix
destination,BORROWSTOWNESS,5,MAP,Borrowstounness,Capitalization fix
destination,COTTON'S WHARF,5,REVIEW,,Dock/wharf - needs context to determine city
destination,POLES,5,ERROR,,"Commodity name, not a port"
destination,GOOD FRESH LATHWOOD,5,ERROR,,"Commodity name, not a port"
destination,FRESH POLES,5,ERROR,,"Commodity name, not a port"
destination,SILVER MEDAL,5,ERROR,,OCR error - journal header/advertisement
destination,ERABLE,5,ERROR,,"Commodity name, not a port"
destination,HULL (WEST),5,MAP,Hull (West),Capitalization fix
destination,CONTRACTS OPEN,5,ERROR,,OCR error - journal header/advertisement
destination,DETAILED SPECIFICATION ON APPLICATION,5,ERROR,,OCR error - journal header/advertisement
destination,PRINCE'S DOCK,5,REVIEW,,"Dock name - multiple cities, needs human review"
destination,DRY PINE AND SPRUCE,5,ERROR,,"Commodity name, not a port"
destination,ROATH DOCK,5,REVIEW,,Dock/wharf - needs context to determine city
destination,ADES JOURNAL,5,ERROR,,OCR error - journal header/advertisement
destination,SIR WILLIAM WRIGHT'S DOCK,5,REVIEW,,Dock/wharf - needs context to determine city
destination,EXPORTERS AMERICAN HARDWOOD LUMBER,5,ERROR,,OCR error - journal header/advertisement
destination,COUNTRY ORDERS RECEIVE PROMPT ATTENTION,5,ERROR,,OCR error - journal header/advertisement
destination,FISHERROWS,4,MAP,Fisherrow,Capitalization fix
destination,DUNBAR,4,MAP,Dunbar,Capitalization fix
destination,QUEBEC,4,MAP,Quebec,Capitalization fix
destination,RYE,4,MAP,Rye,Capitalization fix
destination,TRADE ITEMS,4,ERROR,,OCR error - journal header/advertisement
destination,QUEENBOROUGH PIER,4,REVIEW,,Dock/wharf - needs context to determine city
destination,BY SURREY COMMERCIAL DOCKS,4,ERROR,,OCR error - journal header/advertisement
destination,ROTHERHITHE,4,MAP,Rotherhithe,Capitalization fix
destination,HORSLEYDOWN,4,MAP,Horsleydown,Capitalization fix
destination,FRESH WHARF,4,REVIEW,,Dock/wharf - needs context to determine city
destination,CHURCH HOLE,4,,,
destination,STIRLING,4,MAP,Stirling,Capitalization fix
destination,SURREY DOCKS AND WHARVES,4,REVIEW,,Dock/wharf - needs context to determine city
destination,H,4,ERROR,,OCR error - journal header/advertisement
destination,DECK DEALS,4,ERROR,,"Commodity name, not a port"
destination,HORTICULTURAL TIMBER MERCHANT,4,ERROR,,OCR error - journal header/advertisement
destination,IRELAND,4,ERROR,,OCR error - journal header/advertisement
destination,BRUNSWICK DOCK,4,REVIEW,,"Dock name - multiple cities, needs human review"
destination,PLASTERERS' LATHS,4,ERROR,,"Commodity name, not a port"
destination,ST. ANDREW'S DOCK,4,REVIEW,,"Dock name - multiple cities, needs human review"
destination,GARSTON,4,MAP,Garston,Capitalization fix
destination,J. H. ROW... AU,4,ERROR,,OCR error - journal header/advertisement
destination,SANDON DOCK,4,REVIEW,,"Dock name - multiple cities, needs human review"
destination,WELLINGTON DOCK,4,REVIEW,,"Dock name - multiple cities, needs human review"
destination,ALEXANDER DOCK,4,REVIEW,,"Dock name - multiple cities, needs human review"
destination,TONE,4,ERROR,,OCR error - journal header/advertisement
destination,DOCKS AND WHARVES,4,REVIEW,,Dock/wharf - needs context to determine city
destination,COLUMBIA,4,ERROR,,"Commodity name, not a port"
destination,R. M,3,ERROR,,OCR error - journal header/advertisement
destination,ARRIVALS IN DUNDEE,3,ERROR,,OCR error - journal header/advertisement
destination,RAMSEY (ISLE OF MAN),3,MAP,Ramsey (Isle of Man),Capitalization fix
destination,YOUGHAL,3,MAP,Youghal,Capitalization fix
destination,SCOTLAND,3,ERROR,,OCR error - journal header/advertisement
destination,CREDITOR PARTLY SECURED,3,ERROR,,OCR error - journal header/advertisement
destination,GANDY'S PATENT COTTON BELTING,3,ERROR,,OCR error - journal header/advertisement
destination,MAURICE GANDY,3,ERROR,,OCR error - journal header/advertisement
destination,THE GANDY BELT,3,ERROR,,OCR error - journal header/advertisement
destination,LONDON DOCK DELIVERIES,3,ERROR,,OCR error - journal header/advertisement
destination,BELL WHARF,3,REVIEW,,Dock/wharf - needs context to determine city
destination,TILBURY,3,MAP,Tilbury,Capitalization fix
destination,A,3,ERROR,,OCR error - journal header/advertisement
destination,CHARLTON BUOYS,3,REVIEW,,Dock/wharf - needs context to determine city
destination,REGENT'S WHARF,3,REVIEW,,Dock/wharf - needs context to determine city
destination,B. & F. S. WHARF,3,ERROR,,OCR error - journal header/advertisement
destination,SCOTCH SUPPLEMENT,3,ERROR,,OCR error - journal header/advertisement
destination,REGENTS CANAL DOCKS,3,REVIEW,,Dock/wharf - needs context to determine city
destination,EVERY DESCRIPTION OF WOOD ALWAYS IN STOCK,3,ERROR,,OCR error - journal header/advertisement
destination,PREPARED FROM THE DIMENSIONS STATED,3,ERROR,,OCR error - journal header/advertisement
destination,BURGH,3,ERROR,,OCR error - journal header/advertisement
destination,SOUTH DOCK,3,REVIEW,,Dock/wharf - needs context to determine city
destination,SHIELDS (SOUTH),3,MAP,South Shields,Capitalization fix
destination,SPARS,3,ERROR,,"Commodity name, not a port"
destination,TOWN DOCKS,3,REVIEW,,Dock/wharf - needs context to determine city
destination,APPLEDORE,3,MAP,Appledore,Capitalization fix
destination,SEND FOR REFERENCES TO USERS,3,ERROR,,OCR error - journal header/advertisement
destination,GRANGEMOUTH (WEST),3,MAP,Grangemouth (West),Capitalization fix
destination,SIR WM. WRIGHT'S DOCK,3,REVIEW,,Dock/wharf - needs context to determine city
destination,CIRCULAR SAWS,3,ERROR,,OCR error - journal header/advertisement
destination,EAST AND WEST COMMERCIAL DOCKS,3,REVIEW,,Dock/wharf - needs context to determine city
destination,LAVY BROS,3,ERROR,,OCR error - journal header/advertisement
destination,LONDON DOCK,3,REVIEW,,Dock/wharf - needs context to determine city
destination,BEDFORD,3,MAP,Bedford,Capitalization fix
destination,NELSON DOCK,3,REVIEW,,"Dock name - multiple cities, needs human review"
destination,THE SURREY COMMERCIAL DOCKS,3,REVIEW,,Dock/wharf - needs context to determine city
destination,REGISTERED BRAND,3,ERROR,,OCR error - journal header/advertisement
destination,SOUTH WEST INDIA DOCKS,3,REVIEW,,Dock/wharf - needs context to determine city
destination,HERCULANEUM DOCK,3,REVIEW,,"Dock name - multiple cities, needs human review"
destination,AT AVONMOUTH,2,ERROR,,OCR error - journal header/advertisement
destination,WOODBRIDGE,2,MAP,Woodbridge,Capitalization fix
destination,THOMAS ROEBUCK & COMPANY (LIMITED),2,ERROR,,OCR error - journal header/advertisement
destination,DEAL,2,ERROR,,"Commodity name, not a port"
destination,ACCEPTED TENDERS,2,ERROR,,OCR error - journal header/advertisement
destination,CLIFF'S CREEK,2,,,
destination,DEADMAN'S BUOYS,2,REVIEW,,Dock/wharf - needs context to determine city
destination,Y COMMERCIAL DOCKS,2,ERROR,,OCR error - journal header/advertisement
destination,ALBERT DOCKS,2,REVIEW,,"Dock name - multiple cities, needs human review"
destination,SILVERTOWN WHARF,2,REVIEW,,Dock/wharf - needs context to determine city
destination,DEADMAN'S DOCK,2,REVIEW,,Dock/wharf - needs context to determine city
destination,MILWALL,2,,,
destination,DEADMAN'S DOCK BUOYS,2,REVIEW,,Dock/wharf - needs context to determine city
destination,SHEERNESS,2,MAP,Sheerness,Capitalization fix
destination,JOSEPH GARDNER & SONS,2,ERROR,,OCR error - journal header/advertisement
destination,HEWN BALK,2,ERROR,,"Commodity name, not a port"
destination,SILVESTOWN,2,,,
destination,B. & F. WHARF,2,ERROR,,OCR error - journal header/advertisement
destination,FOWEY (WEST),2,MAP,Fowey (West),Capitalization fix
destination,DEPTFORD WHARF,2,REVIEW,,Dock/wharf - needs context to determine city
destination,QUOTATIONS ON APPLICATION,2,,,
destination,BUILDING NEWS,2,,,
destination,PENICUIK,2,,,
destination,PRIME POLES,2,,,
destination,EAST INDIA DOCK,2,REVIEW,,Dock/wharf - needs context to determine city
destination,LUDWIG WULFERT'S BELLY WOOD,2,,,
destination,PITCH PINE MOULDING,2,,,
destination,KIRKUALDY,2,,,
destination,MINCING LANE,2,,,
destination,AT THE SURREY COMMERCIAL DOCKS,2,REVIEW,,Dock/wharf - needs context to determine city
destination,SHIELDS (NORTH),2,,,
destination,FIR,2,,,
destination,MOULDS,2,,,
destination,ALBERT AND WM. WRIGHT DOCK,2,REVIEW,,Dock/wharf - needs context to determine city
destination,R SAWS,2,,,
destination,CARRIER'S DOCK,2,REVIEW,,Dock/wharf - needs context to determine city
destination,TOWN DOCK,2,REVIEW,,Dock/wharf - needs context to determine city
destination,VICTORIA & ALBERT DOCKS,2,REVIEW,,Dock/wharf - needs context to determine city
destination,LONDON COMMERCIAL DOCKS,2,REVIEW,,Dock/wharf - needs context to determine city
destination,BIRKENHEAD,2,,,
destination,HASKIN DOCK,2,REVIEW,,Dock/wharf - needs context to determine city
destination,REGENTS' CANAL,2,,,
destination,MILE END CANAL,2,,,
destination,BALUSTERS,2,,,
destination,MILLWAL DOCKS,2,REVIEW,,Dock/wharf - needs context to determine city
destination,ANDREW'S DOCK,2,REVIEW,,Dock/wharf - needs context to determine city
destination,PINE SPAR TIMBER,2,,,
destination,OF THE UNITED KINGDOM,2,,,
destination,WM. WRIGHT'S DOCK,2,REVIEW,,Dock/wharf - needs context to determine city
destination,WIDNES,2,,,
destination,WHARF,2,REVIEW,,Dock/wharf - needs context to determine city
destination,CARNARYON,2,,,
destination,DOORS,2,,,
destination,STRONG AND DURABLE,2,,,
destination,LARGEST HARDWOOD AND SOFTWOOD MOULDING MANUFACTURER IN THE WORLD,2,,,
destination,ON APPLICATION,2,,,
destination,TEAK LOGS AND PLANKS,2,,,
destination,LEIGHTON DOCK,2,REVIEW,,Dock/wharf - needs context to determine city
destination,HORNSBY DOCK,2,REVIEW,,Dock/wharf - needs context to determine city
destination,VERPOOL,2,,,
destination,LARGE STOCKS ALWAYS ON HAND,2,,,
destination,IMPORTER OF AUSTRIAN WAINSCOT OAK LOGS AND PLANKS,2,,,
destination,CANADA DOCKS,2,REVIEW,,Dock/wharf - needs context to determine city
destination,BULL DOCK,2,REVIEW,,Dock/wharf - needs context to determine city
destination,GREAT GRIMSBY,2,,,
destination,RECORD OUTPUT OF TIMBER,2,,,
destination,AMERICAN WALNUT SQUARES,2,,,
destination,BOOKS OF DESIGNS SENT AND ESTIMATES GIVEN,2,,,
destination,FISHEROW,1,,,
destination,BARK MERCHANTS,1,,,
destination,CHICAGO,1,,,
destination,ST. DAVID'S,1,,,
destination,DIVIDENDS,1,,,
destination,BILLS OF SALE,1,,,
destination,NORTH ALLOA,1,,,
destination,AT AVONMOUTH DOCKS,1,REVIEW,,Dock/wharf - needs context to determine city
destination,THE SAGINAW VALLEY,1,,,
destination,BIDEFORD,1,,,
destination,HAYLE,1,,,
destination,FORT GLASGOW,1,,,
destination,ERITH,1,,,
destination,BY ROYAL ALBERT DOCK,1,REVIEW,,Dock/wharf - needs context to determine city
destination,BY COMMERCIAL DOCKS,1,REVIEW,,Dock/wharf - needs context to determine city
destination,BY VICTORIA DOCKS,1,REVIEW,,Dock/wharf - needs context to determine city
destination,BUTLER'S WHARF,1,REVIEW,,Dock/wharf - needs context to determine city
destination,LOWER HOPE,1,,,
destination,OTHER DOCKS AND WHARFS,1,REVIEW,,Dock/wharf - needs context to determine city
destination,GREENWICH,1,,,
destination,WISPECH,1,,,
destination,AND VIENNA,1,,,
destination,HORSELYDOWN,1,,,
destination,HORS LEYDOWN,1,,,
destination,TUNNEL PIER,1,REVIEW,,Dock/wharf - needs context to determine city
destination,GOVERNMENT DOCK BUOYS,1,REVIEW,,Dock/wharf - needs context to determine city
destination,OPENING OF A NEW TIMBER YARD,1,,,
destination,PEART'S BLUE OR TIMBER MARKING INK,1,,,
destination,GRANVILLE DOCKS,1,REVIEW,,Dock/wharf - needs context to determine city
destination,PRINCE REGENT'S CANAL DOCKS,1,REVIEW,,Dock/wharf - needs context to determine city
destination,A LARGE STOCK KEPT,1,,,
destination,CUSTOM HOUSE,1,,,
destination,MARK BROWN'S WHARF,1,REVIEW,,Dock/wharf - needs context to determine city
destination,ST. KATHARINE'S WHARF,1,REVIEW,,Dock/wharf - needs context to determine city
destination,KATHARINE'S DOCK,1,REVIEW,,Dock/wharf - needs context to determine city
destination,PRINCE'S WHARF,1,REVIEW,,Dock/wharf - needs context to determine city
destination,B. AND F. S. WHARF,1,REVIEW,,Dock/wharf - needs context to determine city
destination,SHEERNESS DOCKYARD,1,REVIEW,,Dock/wharf - needs context to determine city
destination,FREIGHT AND SHORT DELIVERY,1,,,
destination,LONDON SALES,1,,,
destination,FLETCHER'S BUOYS,1,REVIEW,,Dock/wharf - needs context to determine city
destination,MILLWALL STAIRS,1,,,
destination,BARKING CREEK,1,,,
destination,QUEBEC DOCKS,1,REVIEW,,Dock/wharf - needs context to determine city
destination,GALLEON'S BUOYS,1,REVIEW,,Dock/wharf - needs context to determine city
destination,STONE STAIRS,1,,,
destination,QUEENBORO',1,,,
destination,DEADMAN'S DOCKS BROKERAGE,1,REVIEW,,Dock/wharf - needs context to determine city
destination,DEADMAN DOCK BUOYS,1,REVIEW,,Dock/wharf - needs context to determine city
destination,BEITH,1,,,
destination,FRESH SPARS,1,,,
destination,CHINNOCK WHARF,1,REVIEW,,Dock/wharf - needs context to determine city
destination,HARNAS,1,,,
destination,W. I. D. BUOYS,1,REVIEW,,Dock/wharf - needs context to determine city
destination,REAL FRENCH BAND SAWS,1,,,
destination,ROSCARBOROUGH,1,,,
destination,DOCKHEAD,1,REVIEW,,Dock/wharf - needs context to determine city
destination,B. AND F. WHARF,1,REVIEW,,Dock/wharf - needs context to determine city
destination,TRCON,1,,,
destination,HORSLEY DOWN,1,,,
destination,MARK'S WHARF,1,REVIEW,,Dock/wharf - needs context to determine city
destination,FENNING'S WHARF,1,REVIEW,,Dock/wharf - needs context to determine city
destination,BROWN'S WHARF,1,REVIEW,,Dock/wharf - needs context to determine city
destination,NOVA SCOTIA LUMBER NEWS,1,,,
destination,F. S. WHARF,1,REVIEW,,Dock/wharf - needs context to determine city
destination,MECHANICAL WOOD PULP,1,,,
destination,YORKHILL,1,,,
destination,ST. OLIVE'S WHARF,1,REVIEW,,Dock/wharf - needs context to determine city
destination,DOORS AND WINDOWS MADE TO ORDER,1,,,
destination,ABERDOVEY,1,,,
destination,GRAYSHOTT,1,,,
destination,CHARLTON,1,,,
destination,NORTH WOOLWICH BUOYS,1,REVIEW,,Dock/wharf - needs context to determine city
destination,WEST INDIA DOCKS BUOYS,1,REVIEW,,Dock/wharf - needs context to determine city
destination,GRAVESEND BUOYS,1,REVIEW,,Dock/wharf - needs context to determine city
destination,ACCEPTED TENDERS FOR ENGINEERING AND BUILDING WORKS,1,,,
destination,ODESSA STAVES,1,,,
destination,DS,1,,,
destination,WOOLWICH BUOYS,1,REVIEW,,Dock/wharf - needs context to determine city
destination,WHITSTABLE,1,,,
destination,DEADMAN'S,1,,,
destination,EX REDSTART,1,,,
destination,ST. KATHERINE'S DOCKS,1,REVIEW,,Dock/wharf - needs context to determine city
destination,ST. KATHARINE DOCKS,1,REVIEW,,Dock/wharf - needs context to determine city
destination,ST. KATHARINE DOCK,1,REVIEW,,Dock/wharf - needs context to determine city
destination,PENARTH,1,,,
destination,WICKLOW,1,,,
destination,OAK WAINSCOT BOARDS,1,,,
destination,BUSINESS FOR SALE,1,,,
destination,OAK PLANCONS,1,,,
destination,ABERDEEN MECHANICAL SOCIETY,1,,,
destination,OAK WAINSCOT LOGS,1,,,
destination,& COFFIN STUFF,1,,,
destination,PITCH PINE PILING,1,,,
destination,IA AND ALBERT DOCK,1,REVIEW,,Dock/wharf - needs context to determine city
destination,AND ALL VARIETIES OF FANCYWOODS,1,,,
destination,QUEENSTOWN,1,,,
destination,WATERLOO DOCK,1,REVIEW,,Dock/wharf - needs context to determine city
destination,MOUTH,1,,,
destination,HAVEN,1,,,
destination,GATE,1,,,
destination,ESTER,1,,,
destination,ROUGH,1,,,
destination,EHAM,1,,,
destination,ERLAND,1,,,
destination,ANSEA,1,,,
destination,TOWER DOCK,1,REVIEW,,Dock/wharf - needs context to determine city
destination,ST. HELENS,1,,,
destination,STANLEY DOCK,1,REVIEW,,Dock/wharf - needs context to determine city
destination,MORPETH DOCK,1,REVIEW,,Dock/wharf - needs context to determine city
destination,SURREY AND ALBERT DOCKS,1,REVIEW,,Dock/wharf - needs context to determine city
destination,OAK RAILS,1,,,
destination,WHITEWOOD SLEEPERS,1,,,
destination,HACMATAC,1,,,
destination,QUARTERED OAK FLOORING,1,,,
destination,COXTETH DOCK,1,REVIEW,,Dock/wharf - needs context to determine city
destination,HOSKISSON DOCK,1,REVIEW,,Dock/wharf - needs context to determine city
destination,GEORGIAN DOCK,1,REVIEW,,Dock/wharf - needs context to determine city
destination,AND WHARVES,1,,,
destination,CARRIER DOCK,1,REVIEW,,Dock/wharf - needs context to determine city
destination,CHEPSTOW,1,,,
destination,FORTHCOMING AUCTION SALES,1,,,
destination,GAINSBOROUGH,1,,,
destination,APPLEMORE,1,,,
destination,ALOA,1,,,
destination,DULDING,1,,,
destination,ST,1,,,
destination,THE MILLWALL DOCKS,1,REVIEW,,Dock/wharf - needs context to determine city
destination,FRANCE,1,,,
destination,E.C,1,,,
destination,EAST WOOD WHARF,1,REVIEW,,Dock/wharf - needs context to determine city
destination,DISTRIBUTION AND ARRANGEMENT OF AGE CLASSES,1,,,
destination,LINDEN WOOD,1,,,
destination,ENAMELLED OR PLAIN,1,,,
destination,ROCKLEBANK DOCK,1,REVIEW,,Dock/wharf - needs context to determine city
destination,OAK WAINSCOT,1,,,
destination,INSURANCE AGAINST EXCESS OF BAD DEBTS,1,,,
destination,ILFRACOMBE,1,,,
destination,APPLEBY,1,,,
destination,LIMITED,1,,,
destination,HARRINGTON,1,,,
destination,WEST HARTLEPOOL (WEST),1,,,
destination,LONGTON DOCK,1,REVIEW,,Dock/wharf - needs context to determine city
destination,POMONA DOCK,1,REVIEW,,Dock/wharf - needs context to determine city
destination,BUTE DOCK,1,REVIEW,,Dock/wharf - needs context to determine city
destination,RERS OF SAWS,1,,,
destination,OAK BUTTS,1,,,
destination,BEECH PLANKS,1,,,
destination,VIK,1,,,
destination,BEST TEAK LOGS AND PLANKS,1,,,
destination,TEA,1,,,
destination,BAD DEBTS,1,,,
destination,DEY FLOORING,1,,,
destination,HORNDY DOCK,1,REVIEW,,Dock/wharf - needs context to determine city
destination,CATALOGUES POST FREE,1,,,
destination,MAHOGANY AND FLOATED TIMBER TRADES,1,,,
destination,ORNAMENTAL DESIGNS,1,,,
destination,R TOPS,1,,,
destination,RAILWAY DOCKS,1,REVIEW,,Dock/wharf - needs context to determine city
destination,QUEBEC DOCK,1,REVIEW,,Dock/wharf - needs context to determine city
destination,ALFRED DOCK,1,REVIEW,,Dock/wharf - needs context to determine city
destination,CROSSBY DOCK,1,REVIEW,,Dock/wharf - needs context to determine city
destination,SURG,1,,,
destination,ARCHG,1,,,
destination,SQ,1,,,
destination,PINE DOORS,1,,,
destination,AUSTRALIAN FORESTRY,1,,,
destination,BRIDPORT,1,,,
destination,APPLEDOORE,1,,,
destination,OBITUARY,1,,,
destination,MIDDLESBRO,1,,,
destination,ND,1,,,
destination,ST. ANDREWS DOCK,1,REVIEW,,Dock/wharf - needs context to determine city
destination,KINGS LYNN,1,,,
destination,JOINERY OF EVERY DESCRIPTION,1,,,
destination,& CO,1,,,
destination,WIDNES DOCK,1,REVIEW,,Dock/wharf - needs context to determine city
destination,MILFORD HAVEN,1,,,
destination,METHIL (KIRKCALDY),1,,,
destination,NORTH CARRIERS' DOCK,1,REVIEW,,Dock/wharf - needs context to determine city
destination,HORNSEY DOCK,1,REVIEW,,Dock/wharf - needs context to determine city
destination,CONWAY,1,,,
destination,NAL,1,,,
destination,NEWHAVEN & LEWES,1,,,
destination,ROYAL VICTORIA DOCK,1,REVIEW,,Dock/wharf - needs context to determine city
destination,AFRICAN MAHOGANY,1,,,
destination,AMERICAN WHITEWOOD BOARDS,1,,,
destination,BRITISH COLUMBIA,1,,,
destination,TES GIVEN,1,,,
destination,BEAUMORIS,1,,,
destination,MESSRS. GROMOFF & CO,1,,,
origin,Riga,3711,,,
origin,Gothenburg,2830,,,
origin,New York,2296,,,
origin,Quebec,1986,,,
origin,Bordeaux,1938,,,
origin,Sundswall,1751,,,
origin,Christiania,1501,,,
origin,Danzig,1241,,,
origin,Rotterdam,1144,,,
origin,Drammen,1103,,,
origin,Stettin,1029,,,
origin,Montreal,933,,,
origin,Boston,881,,,
origin,Fredrikstad,811,,,
origin,Porsgrund,805,,,
origin,Soderhamn,786,,,
origin,Pensacola,719,,,
origin,Laurvig,664,,,
origin,Christiansand,631,,,
origin,New Orleans,615,,,
origin,Baltimore,603,,,
origin,Kotka,589,,,
origin,Miramichi,579,,,
origin,Bjorneborg,553,,,
origin,Halmstad,552,,,
origin,Arendal,526,,,
origin,Konigsberg,520,,,
origin,Oscarshamn,506,,,
origin,St. Petersburg,500,,,
origin,Bayonne,483,,,
origin,Hudikswall,424,,,
origin,Skien,405,,,
origin,Redon,392,,,
origin,Risoer,387,,,
origin,Stockholm,367,,,
origin,Uleaborg,359,,,
origin,Brevig,344,,,
origin,Hennebont,336,,,
origin,Skelleftea,321,,,
origin,Wyborg,316,,,
origin,Skutskar,316,,,
origin,Philadelphia,306,,,
origin,Lulea,296,,,
origin,Falkenberg,291,,,
origin,Uddevalla,256,,,
origin,Hamburg,252,,,
origin,Auray,243,,,
origin,Helsingfors,233,,,
origin,Mobile,232,,,
origin,Abo,231,,,
origin,Vannes,230,,,
origin,Ljusne,216,,,
origin,Pitea,216,,,
origin,Narva,197,,,
origin,Rangoon,191,,,
origin,St. John,190,,,
origin,Rafso,185,,,
origin,Tvedestrand,181,,,
origin,Kragero,178,,,
origin,St,169,,,
origin,Nyhamn,169,,,
origin,Halifax,157,,,
origin,Nantes,153,,,
origin,Moss,150,,,
origin,Holmestrand,149,,,
origin,Skonvik,146,,,
origin,Trieste,146,,,
origin,Sandarne,145,,,
origin,Darien,144,,,
origin,Onega,142,,,
origin,Mandal,133,,,
origin,Sandefjord,129,,,
origin,Norfolk,129,,,
origin,Shediac,123,,,
origin,Tornea,122,,,
origin,Norrkoping,115,,,
origin,Kemi,112,,,
origin,Newport News,106,,,
origin,Dordt,103,,,
origin,Lorient,101,,,
origin,Bremen,98,,,
origin,Dalhousie,98,,,
origin,Portland,93,,,
origin,Blaye,93,,,
origin,Kramfors,90,,,
origin,Grimstad,89,,,
origin,Belize,87,,,
origin,Pascagoula,87,,,
origin,Kalmar,87,,,
origin,Apalachicola,86,,,
origin,Langesund,85,,,
origin,Arcachon,85,,,
origin,Iggesund,84,,,
origin,Soroka,83,,,
origin,Hommelvik,83,,,
origin,Quimper,80,,,
origin,Jamaica,79,,,
origin,Bathurst,79,,,
origin,Antwerp,79,,,
origin,Pauillac,77,,,
origin,Minatitlan,76,,,
origin,Odessa,74,,,
origin,Carlscrona,74,,,
origin,Saguenay,73,,,
origin,Holmsund,73,,,
origin,Amsterdam,73,,,
origin,Namsos,73,,,
origin,Dieppe,72,,,
origin,Savannah,71,,,
origin,Nederkalix,70,,,
origin,Umea,69,,,
origin,Husum,69,,,
origin,San Francisco,68,,,
origin,Demerara,67,,,
origin,Borga,66,,,
origin,La Rochelle,65,,,
origin,Hambro',63,,,
origin,Pugwash,61,,,
origin,Hallsta,61,,,
origin,Doboy,60,,,
origin,Ferrol,59,,,
origin,Nordmaling,58,,,
origin,Domsjo,58,,,
origin,Morlaix,58,,,
origin,Carlskrona,57,,,
origin,Copenhagen,55,,,
origin,Lovisa,54,,,
origin,Chatham,54,,,
origin,Moulmein,53,,,
origin,Bollsta,53,,,
origin,Charleston,52,,,
origin,Drobak,52,,,
origin,Mediterranean,51,,,
origin,Langror,50,,,
origin,St. Nazaire,50,,,
origin,Harnas,50,,,
origin,Carril,50,,,
origin,Figeholm,49,,,
origin,ST,49,,,
origin,Nyvik,48,,,
origin,St. Malo,48,,,
origin,L'Orient,48,,,
origin,Metis,47,,,
origin,Rochefort,47,,,
origin,Muros,47,,,
origin,Marseilles,46,,,
origin,Pillau,45,,,
origin,Haparanda,45,,,
origin,Stocka,43,,,
origin,Lillesand,43,,,
origin,Buctouche,42,,,
origin,Hernosaud,42,,,
origin,Sannesund,41,,,
origin,Fredrikshamn,41,,,
origin,Sundsvall,40,,,
origin,W. C. Africa,40,,,
origin,Rugenwalde,39,,,
origin,Torefors,37,,,
origin,Colberg,37,,,
origin,La Tremblade,37,,,
origin,Nyland,36,,,
origin,Simo,36,,,
origin,Westerwik,36,,,
origin,Sandvik,36,,,
origin,Mem,35,,,
origin,Sarpsborg,34,,,
origin,Matane,33,,,
origin,Puebla,33,,,
origin,GEFLE,33,,,
origin,Sheet Harbour,32,,,
origin,Paimpol,31,,,
origin,Finnklippan,31,,,
origin,Dordrecht,31,,,
origin,Rivadeo,31,,,
origin,Ahlafors,30,,,
origin,West Bay,30,,,
origin,Stugsund,30,,,
origin,Santa Ana,29,,,
origin,Pataholm,29,,,
origin,Ornskoldsvik,29,,,
origin,"Bathurst, N.B.",29,,,
origin,Risor,29,,,
origin,Oxelosund,28,,,
origin,Christinestad,27,,,
origin,Pernau,27,,,
origin,Munksund,26,,,
origin,Hernsand,26,,,
origin,Frano,26,,,
origin,Bangkok,26,,,
origin,Quebec and Montreal,25,,,
origin,Byske,25,,,
origin,Attu,25,,,
origin,Hernossand,25,,,
origin,Pernoviken,25,,,
origin,Trangsund,25,,,
origin,Bahia,24,,,
origin,Malmo,24,,,
origin,Waterford,24,,,
origin,Laguna,23,,,
origin,Genoa,23,,,
origin,Svartvik,23,,,
origin,Lappvik,23,,,
origin,Bersimis,23,,,
origin,Pictou,23,,,
origin,Colombo,22,,,
origin,Bangor,22,,,
origin,Slite,22,,,
origin,Musquash,22,,,
origin,Hango,22,,,
origin,Timmernabben,22,,,
origin,Colon,22,,,
origin,Kem,22,,,
origin,Fernandina,21,,,
origin,Dunkirk,21,,,
origin,New Richmond,21,,,
origin,Sydney,20,,,
origin,Madras,20,,,
origin,Abyn,20,,,
origin,Calcutta,20,,,
origin,Djupvik,20,,,
origin,Wanevik,20,,,
origin,Singapore,19,,,
origin,Brunswick,19,,,
origin,Stromstad,19,,,
origin,Stockasag,19,,,
origin,Brest,19,,,
origin,Weener,19,,,
origin,"Newcastle, N.B.",19,,,
origin,Asbacka,18,,,
origin,Jacobstadt,18,,,
origin,St. Thomas,18,,,
origin,"Pictou, N.S.",18,,,
origin,"West Bay, N.S.",18,,,
origin,"Dalhousie, N.B.",18,,,
origin,"Parrsboro', N.S.",18,,,
origin,Sapelo,18,,,
origin,West Indies,17,,,
origin,Holmstad,17,,,
origin,Ranea,17,,,
origin,Arno,17,,,
origin,Chicontimi,17,,,
origin,Furuogrund,17,,,
origin,Campbellton,17,,,
origin,Sund,16,,,
origin,Tonala,16,,,
origin,Kingston,16,,,
origin,Skeppsvik,16,,,
origin,Leghorn,16,,,
origin,Goteborg,16,,,
origin,"Miramichi, N.B.",16,,,
origin,Ship Island,16,,,
origin,Wasa,15,,,
origin,Venice,15,,,
origin,Hambro,15,,,
origin,Aasgaardstrand,15,,,
origin,Sikea,15,,,
origin,Westerwick,15,,,
origin,St. John's,15,,,
origin,Rouen,15,,,
origin,Wisby,15,,,
origin,Boulogne,15,,,
origin,Koja,15,,,
origin,DRAM,15,,,
origin,Old Calabar,14,,,
origin,Galveston,14,,,
origin,Cienfuegos,14,,,
origin,Sandefiord,14,,,
origin,Salsaker,14,,,
origin,Gottenburg,14,,,
origin,Fredrickstadt,14,,,
origin,Kopmanholmen,14,,,
origin,Stromfors,14,,,
origin,W.C. Africa,14,,,
origin,Carlsvik,14,,,
origin,Flushing,14,,,
origin,Aalborg,14,,,
origin,Bergen,14,,,
origin,Bure,14,,,
origin,FREDRIKSHALD,14,,,
origin,W,13,,,
origin,Stromnas,13,,,
origin,Manilla,13,,,
origin,Saltvik,13,,,
origin,Frederikstadt,13,,,
origin,Charente,13,,,
origin,Landerneau,13,,,
origin,Christinestadt,13,,,
origin,Sault,13,,,
origin,Werkeback,13,,,
origin,Dantzie,13,,,
origin,Donelan,13,,,
origin,St. Estephe,13,,,
origin,Laguna de Terminos,12,,,
origin,Norway,12,,,
origin,Tunadal,12,,,
origin,Bangsund,12,,,
origin,Gustafsberg,12,,,
origin,Marieberg,12,,,
origin,"Bay Verte, N.B.",12,,,
origin,Rimouski,12,,,
origin,Batvik,12,,,
origin,Gamleby,12,,,
origin,Truxillo,11,,,
origin,Petersburg,11,,,
origin,Frederickstadt,11,,,
origin,Sandviken,11,,,
origin,Svelvig,11,,,
origin,Maracaibo,11,,,
origin,Raumo,11,,,
origin,Gnarp,11,,,
origin,Buenos Ayres,11,,,
origin,Tremblade,11,,,
origin,Richmond,10,,,
origin,Gothenberg,10,,,
origin,Brake,10,,,
origin,Sackville,10,,,
origin,Youghal,10,,,
origin,F'shald,10,,,
origin,Reval,10,,,
origin,Aarhuus,10,,,
origin,Trehiguier,10,,,
origin,Trouville,10,,,
origin,Treport,10,,,
origin,Batiscan,10,,,
origin,Parrsborough,10,,,
origin,Pyterlaks,10,,,
origin,Fagervik,10,,,
origin,Snaroen,10,,,
origin,Wederlaks,10,,,
origin,Magdalen River,9,,,
origin,Sprangsviken,9,,,
origin,Ship Harbour,9,,,
origin,Burea,9,,,
origin,Tabasco,9,,,
origin,Essviken,9,,,
origin,Norrsundet,9,,,
origin,Gideabacka,9,,,
origin,Pontaven,9,,,
origin,Kalix,9,,,
origin,Wilmington,9,,,
origin,Pont L'Abbe,9,,,
origin,Nuevitas,9,,,
origin,"Shediac, N.B.",9,,,
origin,Port Royal,9,,,
origin,Montreal and Quebec,9,,,
origin,Oplo,9,,,
origin,Caraminal,9,,,
origin,St. Domingo,9,,,
origin,Caen,9,,,
origin,Sada,9,,,
origin,Sevastopol,9,,,
origin,St. Etienne,9,,,
origin,Ahus,9,,,
origin,ARCHANGEL,9,,,
origin,Harburg,8,,,
origin,Mexico,8,,,
origin,Helsingborg,8,,,
origin,Newcastle,8,,,
origin,Bridgwater,8,,,
origin,Douarnenez,8,,,
origin,Soon,8,,,
origin,St. P'burg,8,,,
origin,Wifsta Warf,8,,,
origin,Paskallavik,8,,,
origin,Bindalen,8,,,
origin,Caraquet,8,,,
origin,Ornskjoldvik,8,,,
origin,Hamnholmen,8,,,
origin,Bay de Verte,8,,,
origin,Camarinas,8,,,
origin,Lisbon,8,,,
origin,"Richibucto, N.B.",8,,,
origin,Essvik,8,,,
origin,Ghent,8,,,
origin,Nykarleby,8,,,
origin,"Campbellton, N.B.",8,,,
origin,Halifax and Philadelphia,8,,,
origin,Blankaholm,8,,,
origin,Kovda,8,,,
origin,Tupilco,7,,,
origin,Gaspe,7,,,
origin,Charlottetown,7,,,
origin,Bridgewater,7,,,
origin,Taganrog,7,,,
origin,Charlestown,7,,,
origin,Wifstavarf,7,,,
origin,Tillingnabben,7,,,
origin,Lysekil,7,,,
origin,Fredrickshald,7,,,
origin,Drag,7,,,
origin,"Weymouth, N.S.",7,,,
origin,Forsgrund,7,,,
origin,"Buctouche, N.B.",7,,,
origin,"Yarmouth, N.S.",7,,,
origin,Karlskrona,7,,,
origin,Uto,7,,,
origin,"Brunswick, Ga.",7,,,
origin,Schiedam,7,,,
origin,"Musquash, N.B.",7,,,
origin,River Ouelle,7,,,
origin,Lugnvik,7,,,
origin,Solstadstrom,7,,,
origin,Alne,7,,,
origin,Sando,7,,,
origin,Pentecost,7,,,
origin,Odense,7,,,
origin,Ramvik,7,,,
origin,Sornas,7,,,
origin,"Portland, Me.",7,,,
origin,Ny Carleby,6,,,
origin,Wiscasset,6,,,
origin,Bermuda,6,,,
origin,Summerside,6,,,
origin,Annapolis,6,,,
origin,Sweden,6,,,
origin,Ekenas,6,,,
origin,Havana,6,,,
origin,Svano,6,,,
origin,Barahona,6,,,
origin,Lockno,6,,,
origin,Weymouth,6,,,
origin,Parrsbro',6,,,
origin,F'stadt,6,,,
origin,Southampton,6,,,
origin,Louvain,6,,,
origin,Oskarshamn,6,,,
origin,Nykoping,6,,,
origin,Brahestad,6,,,
origin,Wiborg,6,,,
origin,Treguier,6,,,
origin,Konigsburg,6,,,
origin,Brussels,6,,,
origin,"Ship Harbour, N.S.",6,,,
origin,Auckland,6,,,
origin,"Campbeltown, N.B.",6,,,
origin,"Guysborough, N.S.",6,,,
origin,Hull,6,,,
origin,Bombay,6,,,
origin,Warburg,6,,,
origin,Old Harbour,6,,,
origin,Jerfed,6,,,
origin,Catania,6,,,
origin,Grand Pabos,6,,,
origin,"Economy, N.S.",6,,,
origin,Berbice,6,,,
origin,Brazil,6,,,
origin,Campbeltown,6,,,
origin,Kubikenborg,6,,,
origin,Nystad,6,,,
origin,"Portland, O.",6,,,
origin,Brunne,6,,,
origin,Alfredshem,6,,,
origin,West Point,6,,,
origin,Tacoma,6,,,
origin,Skein,6,,,
origin,Dal,6,,,
origin,"Portland, M.",6,,,
origin,LAGUNA,6,,,
origin,Fremantle,6,,,
origin,SWARTWIK,6,,,
origin,Christianopel,6,,,
origin,Mariehamn,6,,,
origin,Twedestrand,5,,,
origin,Escoumains,5,,,
origin,Stolpemunde,5,,,
origin,Akyab,5,,,
origin,Sandiefiord,5,,,
origin,Cocagne,5,,,
origin,Melbourne,5,,,
origin,Fredrickshamn,5,,,
origin,Sherbrooke,5,,,
origin,Mauritius,5,,,
origin,New Ross,5,,,
origin,Rusoer,5,,,
origin,Black River,5,,,
origin,Dalkarlsa,5,,,
origin,Hornefors,5,,,
origin,Oporto,5,,,
origin,St. Mary's,5,,,
origin,Betsiamitz,5,,,
origin,Cardenas,5,,,
origin,N. York,5,,,
origin,Brahestadt,5,,,
origin,Belon,5,,,
origin,P. E. Island,5,,,
origin,"Sheet Harbour, N.S.",5,,,
origin,Kristinestad,5,,,
origin,Brisbane,5,,,
origin,"Liscombe, N.S.",5,,,
origin,Tlacotalpam,5,,,
origin,Meschers,5,,,
origin,Grimsby,5,,,
origin,Sunderland,5,,,
origin,Corcubion,5,,,
origin,Concarneau,5,,,
origin,Furnogrund,5,,,
origin,Chicoutimi,5,,,
origin,Trondhjem,5,,,
origin,Honfleur,5,,,
origin,Aland,5,,,
origin,Port Louis,5,,,
origin,Harg,5,,,
origin,Cherbourg,5,,,
origin,"St. John, N B.",5,,,
origin,"Charlotte Town, P.E.I.",5,,,
origin,"Portland, Maine",5,,,
origin,Alexandria,5,,,
origin,"Hillsboro', N.B.",5,,,
origin,Audierne,5,,,
origin,Berggvara,5,,,
origin,Oregrund,5,,,
origin,Kaunissaari,5,,,
origin,Makslaks,5,,,
origin,Cape Tormentine,5,,,
origin,LIBAU,5,,,
origin,Knysna,5,,,
origin,Acorn Yd,5,,,
origin,Panillac,5,,,
origin,Orkedalsoren,4,,,
origin,Cochin,4,,,
origin,Lyngoer,4,,,
origin,Punta Arenas,4,,,
origin,Hobart Town,4,,,
origin,Ostrand,4,,,
origin,Finland,4,,,
origin,Fredriksham,4,,,
origin,Nedercalix,4,,,
origin,Northport,4,,,
origin,Liscomb,4,,,
origin,Galway,4,,,
origin,Caraquette,4,,,
origin,Fredrickshaldt,4,,,
origin,Cork,4,,,
origin,San Domingo,4,,,
origin,Frontera,4,,,
origin,R. Bernard,4,,,
origin,Xiansand,4,,,
origin,Noya,4,,,
origin,Wiener,4,,,
origin,Muhlgraben,4,,,
origin,Villa Garcia,4,,,
origin,St. Ignace,4,,,
origin,"Sackville, N.B.",4,,,
origin,Bay of Islands,4,,,
origin,Christianople,4,,,
origin,"Bridgwater, N.S.",4,,,
origin,"Guysboro', N.S.",4,,,
origin,Landgangen,4,,,
origin,Pernaviken,4,,,
origin,"Caraquet, N.B.",4,,,
origin,Vancouver's Island,4,,,
origin,Faon,4,,,
origin,Puerto Cortez,4,,,
origin,Harlingen,4,,,
origin,Vlaardingen,4,,,
origin,Frontera de Tabasco,4,,,
origin,Kungsgarden,4,,,
origin,Savenas,4,,,
origin,St. Lucia,4,,,
origin,Esbjerg,4,,,
origin,Sanda,4,,,
origin,"Sherbrooke, N.S.",4,,,
origin,Ulfvik,4,,,
origin,Ostende,4,,,
origin,"Campbelltown, N.B.",4,,,
origin,Bremerhaven,4,,,
origin,Shanghai,4,,,
origin,Stavanger,4,,,
origin,Newport,4,,,
origin,Karlscrona,4,,,
origin,Koping,4,,,
origin,Vivero,4,,,
origin,Papenburg,4,,,
origin,Puget Sound,4,,,
origin,Abus,4,,,
origin,Binic,4,,,
origin,St. Simons,4,,,
origin,Karlshamn,4,,,
origin,Nacka,4,,,
origin,Santa Eugenia,4,,,
origin,Tunas de Zaza,4,,,
origin,St. Margaret's Bay,4,,,
origin,Barcelona,4,,,
origin,Villa garcia,4,,,
origin,"Harvey, N.B.",4,,,
origin,FRONTERA,4,,,
origin,PUERTO PLATA,4,,,
origin,Keret,4,,,
origin,Freigo,4,,,
origin,Millwall Dk,4,,,
origin,Sabine Pass,4,,,
origin,Christensen,3,,,
origin,Trinidad,3,,,
origin,Liverpool,3,,,
origin,Tatamagouche,3,,,
origin,Honduras,3,,,
origin,Gamla Carleby,3,,,
origin,Canada,3,,,
origin,Tlacotalpan,3,,,
origin,Calais,3,,,
origin,Wistawarf,3,,,
origin,Axmar,3,,,
origin,Prince Edward Island,3,,,
origin,Landskrona,3,,,
origin,Gaboon,3,,,
origin,Levanger,3,,,
origin,Horten,3,,,
origin,Randers,3,,,
origin,Stockazog,3,,,
origin,Five Islands,3,,,
origin,Soraker,3,,,
origin,Picton,3,,,
origin,Hangesund,3,,,
origin,Nyham,3,,,
origin,Limerick,3,,,
origin,Altona,3,,,
origin,Yarmouth,3,,,
origin,Barnstaple,3,,,
origin,Waya,3,,,
origin,Skutakar,3,,,
origin,Port-au-Prince,3,,,
origin,Lubeck,3,,,
origin,Ronneby,3,,,
origin,Cardiff,3,,,
origin,Poole,3,,,
origin,Nassau,3,,,
origin,Phila,3,,,
origin,G'burg.,3,,,
origin,Dantzio,3,,,
origin,Gamla Karleby,3,,,
origin,Stockavik,3,,,
origin,Oak Bay,3,,,
origin,Saltkallan,3,,,
origin,St. Anna,3,,,
origin,"Chatham, N. B.",3,,,
origin,Bruges,3,,,
origin,St. Ana,3,,,
origin,Halsoen,3,,,
origin,Santa Cruz,3,,,
origin,Bellon,3,,,
origin,Xinestad,3,,,
origin,W. Indies,3,,,
origin,Xtiansand,3,,,
origin,Camarina,3,,,
origin,Alfredsham,3,,,
origin,Dago,3,,,
origin,Fritzoe,3,,,
origin,"Halifax, N.B.",3,,,
origin,"Charleston, S.C.",3,,,
origin,Guysborough,3,,,
origin,"St. John's, N.F.",3,,,
origin,Sandeford,3,,,
origin,Santos,3,,,
origin,Puerto Plata,3,,,
origin,Nevis,3,,,
origin,"Bay Verte, N.S.",3,,,
origin,Baltic,3,,,
origin,Jordan River,3,,,
origin,Ystad,3,,,
origin,River St. Lawrence,3,,,
origin,Leque,3,,,
origin,Mesquer,3,,,
origin,Valparaiso,3,,,
origin,"Jordan River, N.S.",3,,,
origin,Bjornsborg,3,,,
origin,"Bridgewater, N.S.",3,,,
origin,River Quelle,3,,,
origin,Roytta,3,,,
origin,Ulenborg,3,,,
origin,Pabos,3,,,
origin,"Charleston, U.S.",3,,,
origin,Java,3,,,
origin,"St. Margaret's Bay, N.S.",3,,,
origin,"Pugwash, N.S.",3,,,
origin,Rosso,3,,,
origin,St. Eugenia,3,,,
origin,Rodestrand,3,,,
origin,Naske,3,,,
origin,Africa,3,,,
origin,Lilla Vartan,3,,,
origin,"Cocagne, N.B.",3,,,
origin,Marie,3,,,
origin,Vera Cruz,3,,,
origin,Tromstad,3,,,
origin,Landscrona,3,,,
origin,"St John, N.B.",3,,,
origin,Cuxhaven,3,,,
origin,Barquero,3,,,
origin,"Boston, U.S.",3,,,
origin,Skutekar,3,,,
origin,"Norfolk, Va",3,,,
origin,Orkedalen,3,,,
origin,Karlstad,3,,,
origin,Byake,3,,,
origin,Gustafshamn,3,,,
origin,Halifax and Baltimore,3,,,
origin,Newfairwater,3,,,
origin,"Port Royal, S.C.",3,,,
origin,Christiania and Gothenburg,3,,,
origin,Stavarf,3,,,
origin,Elsinore,3,,,
origin,Trieste and Fiume,3,,,
origin,Astoria,3,,,
origin,Sandfjord,3,,,
origin,"North Port, N.S.",3,,,
origin,Metane,3,,,
origin,Anga,3,,,
origin,Wartsala,3,,,
origin,Nantes and Bordeaux,3,,,
origin,St. Simon's,3,,,
origin,Ursvik,3,,,
origin,Bilbao,3,,,
origin,Kallero,3,,,
origin,Obbola,3,,,
origin,Tillingenabben,3,,,
origin,PUNTA ARENAS,3,,,
origin,West Coast Africa,3,,,
origin,Cologne,3,,,
origin,Rio Janeiro,3,,,
origin,Nykjobing,3,,,
origin,MANZANILLO,3,,,
origin,New Brunswick,3,,,
origin,Rockingham,3,,,
origin,Nordkoping,3,,,
origin,Western,3,,,
origin,Axim,3,,,
origin,East London,3,,,
origin,Grindstone Island,3,,,
origin,"Portland, Me",3,,,
origin,"St. John, N B,",3,,,
origin,Lavender Dk,3,,,
origin,Pyttis,2,,,
origin,Svartwik,2,,,
origin,Bonny,2,,,
origin,New River,2,,,
origin,Para,2,,,
origin,Cape Lopez,2,,,
origin,Nynamn,2,,,
origin,.,2,,,
origin,Leer,2,,,
origin,Faaborg,2,,,
origin,Denmark,2,,,
origin,P,2,,,
origin,N,2,,,
origin,Haynasch,2,,,
origin,Georgetown,2,,,
origin,Launig,2,,,
origin,Chiltepec,2,,,
origin,Pillan,2,,,
origin,Gothenborg,2,,,
origin,Windart,2,,,
origin,Tlatocalpan,2,,,
origin,Dorchester,2,,,
origin,Vesteras,2,,,
origin,Ullanger,2,,,
origin,Sandswell,2,,,
origin,West Coast of Africa,2,,,
origin,Risver,2,,,
origin,Tusket,2,,,
origin,Chepstow,2,,,
origin,ends,2,,,
origin,Morant Bay,2,,,
origin,Hietanen,2,,,
origin,Slitehamn,2,,,
origin,Risoe,2,,,
origin,Tain,2,,,
origin,Italy,2,,,
origin,Livingston,2,,,
origin,Fredericksvoern,2,,,
origin,Sodertelje,2,,,
origin,Nyvick,2,,,
origin,St. P'burg.,2,,,
origin,Wicklow,2,,,
origin,Dublin,2,,,
origin,Jemtosund,2,,,
origin,Wybor,2,,,
origin,St. Servan,2,,,
origin,N. Orleans,2,,,
origin,Drogheda,2,,,
origin,Milford,2,,,
origin,Marma,2,,,
origin,Olskoldsvick,2,,,
origin,Forsby,2,,,
origin,Tillinge,2,,,
origin,Nyborg,2,,,
origin,Swartvick,2,,,
origin,Gefle and Skutskar,2,,,
origin,Hakkala,2,,,
origin,Sault au Cochon,2,,,
origin,Kungsgarten,2,,,
origin,Luguvik,2,,,
origin,Klampenborg,2,,,
origin,San Cyprian,2,,,
origin,Gidebacha,2,,,
origin,Emil,2,,,
origin,Stockvik,2,,,
origin,Rander,2,,,
origin,Haynash,2,,,
origin,F'kstad,2,,,
origin,Penzance,2,,,
origin,Luarca,2,,,
origin,Sannes,2,,,
origin,Newfoundland,2,,,
origin,IN,2,,,
origin,Alfredshamn,2,,,
origin,Croisic,2,,,
origin,Xnia,2,,,
origin,Ablafors,2,,,
origin,"Oak Bay, N.B.",2,,,
origin,Langangen,2,,,
origin,Cuba,2,,,
origin,Colbergermunde,2,,,
origin,"Parrsborough, N.S.",2,,,
origin,Waija,2,,,
origin,Johannesvik,2,,,
origin,Aalesund,2,,,
origin,Areachon,2,,,
origin,"Beaufort, S.C.",2,,,
origin,Egersund,2,,,
origin,"St. Mary's, Georgia",2,,,
origin,Baddeck,2,,,
origin,Hennebout,2,,,
origin,Skutvik,2,,,
origin,Tornes,2,,,
origin,Alvik,2,,,
origin,Eloby,2,,,
origin,Eatonville,2,,,
origin,"Sheet Harbour, N.B.",2,,,
origin,Zaza,2,,,
origin,Halmestrand,2,,,
origin,Caramenal,2,,,
origin,St. Jago de Cuba,2,,,
origin,"Brunswick, Georgia",2,,,
origin,Le'que,2,,,
origin,Legue,2,,,
origin,Spain,2,,,
origin,Antigua,2,,,
origin,Launay,2,,,
origin,Canarinas,2,,,
origin,Cabenda,2,,,
origin,Stenkjoer,2,,,
origin,Portsal,2,,,
origin,Katthammaravik,2,,,
origin,Trehiguer,2,,,
origin,Bstaiamitz,2,,,
origin,"Joggins, N.S.",2,,,
origin,St. Petersburg Town,2,,,
origin,Stocks,2,,,
origin,Harnosand,2,,,
origin,Framnas,2,,,
origin,Boston and Halifax,2,,,
origin,Landernau,2,,,
origin,Minititlan,2,,,
origin,Kaurnussaari,2,,,
origin,Katthammarsvik,2,,,
origin,Trinidad de Cuba,2,,,
origin,Grand Palios,2,,,
origin,Sundarne,2,,,
origin,Vancouver,2,,,
origin,St. Vaast,2,,,
origin,Stenkjar,2,,,
origin,Rennes,2,,,
origin,Aux Cayes,2,,,
origin,Syra,2,,,
origin,Alvarado,2,,,
origin,Cape Town,2,,,
origin,Bolsta,2,,,
origin,Simon,2,,,
origin,ahead,2,,,
origin,Koga,2,,,
origin,Wolgast,2,,,
origin,Halleta,2,,,
origin,Wifsta,2,,,
origin,Aux,2,,,
origin,Riscer,2,,,
origin,Demarara,2,,,
origin,Droback,2,,,
origin,Beaufort,2,,,
origin,Chittagong,2,,,
origin,Fredikshald,2,,,
origin,St. John. N.B.,2,,,
origin,"St. Johns, N.B.",2,,,
origin,Cabarete,2,,,
origin,Marin,2,,,
origin,Asbacks,2,,,
origin,Throndjem,2,,,
origin,Roscoff,2,,,
origin,Fredriksbald,2,,,
origin,Swinemunde,2,,,
origin,Hobart,2,,,
origin,Pierreville and Quebec,2,,,
origin,"Alma, N.B.",2,,,
origin,Pont Neuf,2,,,
origin,"Liverpool, N.S.",2,,,
origin,Port Hill,2,,,
origin,Granville,2,,,
origin,Dronthiem,2,,,
origin,Orleans,2,,,
origin,Darklkahn,2,,,
origin,Sundvik,2,,,
origin,Fredrikshamm,2,,,
origin,"Bangor, U.S.",2,,,
origin,Economy,2,,,
origin,Anna,2,,,
origin,"New Richmond, N.B.",2,,,
origin,Ursviken,2,,,
origin,Geschwister,2,,,
origin,"Portland, U.S.A.",2,,,
origin,'Hambro',2,,,
origin,Sandifjord,2,,,
origin,Almeria,2,,,
origin,and,2,,,
origin,Presto,2,,,
origin,St. John N.B.,2,,,
origin,Guysboro',2,,,
origin,Farosund,2,,,
origin,Hakala,2,,,
origin,Caraminas,2,,,
origin,Dramn,2,,,
origin,Levo,2,,,
origin,Kaipara,2,,,
origin,Holms,2,,,
origin,Alloa,2,,,
origin,Por,2,,,
origin,Mculmein,2,,,
origin,BayVerte,2,,,
origin,"Picton, N.S.",2,,,
origin,Curacao,2,,,
origin,Horsens,2,,,
origin,Monsteraas,2,,,
origin,Fischer,2,,,
origin,-Riga,2,,,
origin,Passages,2,,,
origin,Kragerroe,2,,,
origin,Hofvid,2,,,
origin,"Hillbrough, N.S.",2,,,
origin,Archachon,2,,,
origin,Orient,2,,,
origin,Eriksdal,2,,,
origin,Dramman,2,,,
origin,Henneboat,2,,,
origin,Throndhjem,2,,,
origin,Loient,2,,,
origin,Yttersfors,2,,,
origin,"Bathurst, Gulf of St. Lawrence",2,,,
origin,Le Tremblade,2,,,
origin,NEDER KALIX,2,,,
origin,Oreground,2,,,
origin,Grundvik,2,,,
origin,Kalajoki,2,,,
origin,Bio,2,,,
origin,Montego Bay,2,,,
origin,Panama,2,,,
origin,Coatzacoalcos,2,,,
origin,Calicut,2,,,
origin,Lu'ea,2,,,
origin,Nortelge,2,,,
origin,Marstrand,2,,,
origin,Maja,2,,,
origin,Storfors,2,,,
origin,Boroka,2,,,
origin,Rosario,2,,,
origin,Cagliari,2,,,
origin,Bergquara,2,,,
origin,Filtvedt,2,,,
origin,Port Townsend,2,,,
origin,Kohlboda,2,,,
origin,Curacoa,2,,,
origin,Foxe,2,,,
origin,Cartagena,2,,,
origin,MEMEL,2,,,
origin,Norfolk and Newport News,2,,,
origin,"Pictou, N.B.",2,,,
origin,Fredrikvoern,2,,,
origin,Puebla del Caraminal,2,,,
origin,Axmarby,2,,,
origin,Luvia,2,,,
origin,Liban,2,,,
origin,Drangsund,2,,,
origin,Boncan,2,,,
origin,Albany,2,,,
origin,Mayaguez,2,,,
origin,Jersey,2,,,
origin,Hofund,2,,,
origin,Sapilo,2,,,
origin,Lofvik,2,,,
origin,Kotja,2,,,
origin,Hopewell Cape,2,,,
origin,Pernovik,2,,,
origin,Russia,2,,,
origin,Risby,2,,,
origin,Repola,2,,,
origin,"Axim, W.C. Africa",2,,,
origin,Nouvelle,2,,,
origin,Exploits Bay,2,,,
origin,"Cutting, Ground",2,,,
origin,Hernebont,2,,,
origin,"Norfolk, VA.",2,,,
origin,Tromblade,2,,,
origin,Westervick,2,,,
origin,Jacksonville,2,,,
origin,Trois Pistoles,2,,,
origin,"Sapelo, Ga",2,,,
origin,"Hopewell Cape, N.B.",2,,,
origin,-,2,,,
origin,Namso,2,,,
origin,Cristinestad,2,,,
origin,"Sapelo, Ga.",2,,,
origin,Onkedalsorn,1,,,
origin,Zanzibar,1,,,
origin,Papenberg,1,,,
origin,Olofsford,1,,,
origin,River Saguenay,1,,,
origin,Kothka,1,,,
origin,Esborg,1,,,
origin,Corfu,1,,,
origin,Bolderaa,1,,,
origin,John,1,,,
origin,Gallsta,1,,,
origin,Dohlkarsla,1,,,
origin,Lower Lauenburg,1,,,
origin,Port Saunders,1,,,
origin,Skonwick,1,,,
origin,Carlisle Bay,1,,,
origin,Windsor,1,,,
origin,Kungshamn,1,,,
origin,Mabon,1,,,
origin,Lepreux,1,,,
origin,Soraka,1,,,
origin,Kungsbacka,1,,,
origin,Grand Bay,1,,,
origin,Narrkoping,1,,,
origin,Hernefors,1,,,
origin,Sunds Bolog,1,,,
origin,Milk River,1,,,
origin,Whyncomah,1,,,
origin,Paris,1,,,
origin,Smyrna,1,,,
origin,teak,1,,,
origin,Wanks River,1,,,
origin,Batavia,1,,,
origin,Mogensen,1,,,
origin,Dobay,1,,,
origin,H,1,,,
origin,Ch,1,,,
origin,Ko,1,,,
origin,Mahone Bay,1,,,
origin,Newburgh,1,,,
origin,Ranmo,1,,,
origin,Aruskjoldvick,1,,,
origin,Bureo,1,,,
origin,Vitea,1,,,
origin,Nyburg,1,,,
origin,Flekkiefiord,1,,,
origin,Laguno,1,,,
origin,Boutouche,1,,,
origin,Arehangel,1,,,
origin,City of Son,1,,,
origin,Sourabaya,1,,,
origin,Sandeflord,1,,,
origin,Delfshaven,1,,,
origin,Champion Bay,1,,,
origin,Vamsos,1,,,
origin,Troon,1,,,
origin,Christine,1,,,
origin,Hantsport,1,,,
origin,Westawaif,1,,,
origin,Pontorson,1,,,
origin,Alufors,1,,,
origin,Skepfovik,1,,,
origin,Levarger,1,,,
origin,Bjneborg,1,,,
origin,Borgo,1,,,
origin,lathwood,1,,,
origin,Salsburg,1,,,
origin,Santander,1,,,
origin,Saltock,1,,,
origin,Ferdinandina,1,,,
origin,Hoenash,1,,,
origin,Frederikshall,1,,,
origin,Kimouski,1,,,
origin,Russoar,1,,,
origin,Rika,1,,,
origin,Robertshor,1,,,
origin,Niedercallix,1,,,
origin,Kopmanholman,1,,,
origin,Sundabolay,1,,,
origin,Aasgaarstrand,1,,,
origin,Reonneby,1,,,
origin,Draget,1,,,
origin,Aarhus,1,,,
origin,Port Glasgow,1,,,
origin,Sunnas,1,,,
origin,Pearl River,1,,,
origin,Sandioford,1,,,
origin,Herre,1,,,
origin,Oxarhaven,1,,,
origin,Dobery,1,,,
origin,Nossi Be,1,,,
origin,Fort Cortes,1,,,
origin,Vesta,1,,,
origin,Wava,1,,,
origin,Cimbritshamn,1,,,
origin,Sjune,1,,,
origin,Mass,1,,,
origin,Mose,1,,,
origin,Katka,1,,,
origin,Sandssund,1,,,
origin,Nyrvik,1,,,
origin,Petea,1,,,
origin,Ostrana,1,,,
origin,Vegesack,1,,,
origin,Ornskolksvik,1,,,
origin,Ruchee,1,,,
origin,Njvik,1,,,
origin,deals,1,,,
origin,Asbacker,1,,,
origin,Forsly Ham,1,,,
origin,Drebak,1,,,
origin,Milsamvig,1,,,
origin,Ulindaw,1,,,
origin,Lauivg,1,,,
origin,Nassau Tonala,1,,,
origin,Tignish,1,,,
origin,Curagoa,1,,,
origin,Tapilco,1,,,
origin,Lagunade,1,,,
origin,Matawa,1,,,
origin,East Port,1,,,
origin,Three Islands,1,,,
origin,Ship Harbour N,1,,,
origin,Rio Hacha,1,,,
origin,Joannesund,1,,,
origin,Laurrig,1,,,
origin,Stege,1,,,
origin,Risier,1,,,
origin,Wefsel,1,,,
origin,Frangsound,1,,,
origin,Cronstudt,1,,,
origin,Windaw,1,,,
origin,Orendal,1,,,
origin,Klasviken,1,,,
origin,Saltvick,1,,,
origin,Vefser,1,,,
origin,Wardoe,1,,,
origin,Frederiksen,1,,,
origin,Sundsvoern,1,,,
origin,Vardo,1,,,
origin,Sandefurd,1,,,
origin,Christianstadt,1,,,
origin,Wisbey,1,,,
origin,Biornebora,1,,,
origin,Oscar,1,,,
origin,Middlepart,1,,,
origin,"driving streams upon which this market depends are still very discouraging as to the probabilities of getting the logs. The prospects of the Menominee and other streams tributary to Green Bay, are really not so encouraging as a few weeks ago, as logs on the first",1,,,
origin,Satilla,1,,,
origin,Bisor,1,,,
origin,Tiansand,1,,,
origin,Milsemvig,1,,,
origin,Sandiefurd,1,,,
origin,Luhe,1,,,
origin,Uddowalla,1,,,
origin,Table Bay,1,,,
origin,Attona,1,,,
origin,Velsen,1,,,
origin,Aleyn,1,,,
origin,Halix,1,,,
origin,Borde,1,,,
origin,Gothenburg and Cronstadt,1,,,
origin,Bordeaux via London,1,,,
origin,Flekkifiord,1,,,
origin,pitwood,1,,,
origin,You-ford,1,,,
origin,Bidon,1,,,
origin,timber,1,,,
origin,Toreforg,1,,,
origin,oak staves,1,,,
origin,Parrshow,1,,,
origin,Tunnadal,1,,,
origin,Sauris,1,,,
origin,Bawik,1,,,
origin,Bordeaux vid London,1,,,
origin,Caneron,1,,,
origin,Bayvert,1,,,
origin,Salvesen & Co,1,,,
origin,Ornskoldsvit,1,,,
origin,Hansta,1,,,
origin,Bideford,1,,,
origin,Brest pitwood,1,,,
origin,Bath,1,,,
origin,Calileo,1,,,
origin,Stromstadt,1,,,
origin,Saffi,1,,,
origin,Three Sisters,1,,,
origin,Balnarte,1,,,
origin,Port Cortes,1,,,
origin,Bassein,1,,,
origin,Hudicksvall,1,,,
origin,Frederikshaldt,1,,,
origin,Nyvic,1,,,
origin,Shulu,1,,,
origin,New Carlisle,1,,,
origin,British Columbia,1,,,
origin,Hyvik,1,,,
origin,Orkidulsken,1,,,
origin,Aberdeen,1,,,
origin,Nytorp,1,,,
origin,Rambak,1,,,
origin,Axmar Bruk,1,,,
origin,Newry,1,,,
origin,Hulst,1,,,
origin,Cumberland Basin,1,,,
origin,Matanzas,1,,,
origin,Bjorn-borg,1,,,
origin,Tredestrand,1,,,
origin,Drangsoud,1,,,
origin,Ar-ndal,1,,,
origin,Co,1,,,
origin,Kersvik,1,,,
origin,Cunbushamn,1,,,
origin,Helmstadt,1,,,
origin,Bennetts & Co,1,,,
origin,Dort,1,,,
origin,Soladstrom,1,,,
origin,Adler,1,,,
origin,Bloody Bay,1,,,
origin,Charlotte Town P,1,,,
origin,Maccaw,1,,,
origin,Yallahs,1,,,
origin,Campechi,1,,,
origin,Klintehamn,1,,,
origin,Inverness,1,,,
origin,Hayle,1,,,
origin,Ogmore Co,1,,,
origin,Vardoe,1,,,
origin,"St. George, N.B.",1,,,
origin,Soraki,1,,,
origin,F'dericksvoern,1,,,
origin,Arno Ansag,1,,,
origin,F'stad.,1,,,
origin,"Shulee, N.S.",1,,,
origin,Away,1,,,
origin,Stutshoda,1,,,
origin,Nadoscha,1,,,
origin,Fogelvik,1,,,
origin,Huddickwall,1,,,
origin,Sach Kallan,1,,,
origin,Carany,1,,,
origin,Archangl.,1,,,
origin,Riv. Plate,1,,,
origin,"Cocaigne, N.B.",1,,,
origin,Serpa,1,,,
origin,Balto,1,,,
origin,Bordx.,1,,,
origin,V'garcia,1,,,
origin,Bannesund,1,,,
origin,Xiana,1,,,
origin,Bjornstorm,1,,,
origin,Utanigo,1,,,
origin,Bjornemann,1,,,
origin,Holsta,1,,,
origin,Stockvick,1,,,
origin,Galeatacka,1,,,
origin,Torneadal,1,,,
origin,Karhula,1,,,
origin,Manzanilla,1,,,
origin,Udewalla,1,,,
origin,Gamlastadt,1,,,
origin,Ytlersfors,1,,,
origin,Vancouver I.,1,,,
origin,Chicontima,1,,,
origin,Scholocklea,1,,,
origin,F' stad,1,,,
origin,White Sea,1,,,
origin,St. Cyprian,1,,,
origin,Penascola,1,,,
origin,Ship Harbor,1,,,
origin,Ornskavik,1,,,
origin,Gothenb'g,1,,,
origin,Forsabyham,1,,,
origin,Kylom,1,,,
origin,Harne,1,,,
origin,Dronning,1,,,
origin,Ruthula,1,,,
origin,Dame d'Esperance,1,,,
origin,Gedeabuella,1,,,
origin,Esurken,1,,,
origin,"Shemogue, N.B.,",1,,,
origin,"Oak Bay, N.B.,",1,,,
origin,E. Pascagoula,1,,,
origin,Manzanillo,1,,,
origin,Frederiksvorn,1,,,
origin,Svenesund,1,,,
origin,Fowstkage,1,,,
origin,Clare Castle,1,,,
origin,Ahlators,1,,,
origin,Schippswick,1,,,
origin,Christina,1,,,
origin,Louise,1,,,
origin,Peter and Paul,1,,,
origin,Rafsa,1,,,
origin,H'bont,1,,,
origin,Clare,1,,,
origin,Belle Isle,1,,,
origin,X'sand,1,,,
origin,G'stadt,1,,,
origin,Areudal,1,,,
origin,Treaniskow,1,,,
origin,Coastwise,1,,,
origin,Fahrsund,1,,,
origin,Bergrara,1,,,
origin,Comarina,1,,,
origin,Lymington,1,,,
origin,Brunchausen,1,,,
origin,Go'burg,1,,,
origin,F'drikstvoern,1,,,
origin,F'driksvoern,1,,,
origin,F'dksvoern,1,,,
origin,G'brg,1,,,
origin,Pont Aven,1,,,
origin,Gotterburg,1,,,
origin,Pernaw,1,,,
origin,Sheet Harbor,1,,,
origin,Solstastrom,1,,,
origin,Timmernabbem,1,,,
origin,B'torpshamn,1,,,
origin,Stutsboda,1,,,
origin,Colbjornsen,1,,,
origin,Frederiksham,1,,,
origin,Oskarn,1,,,
origin,Laurvigen,1,,,
origin,Swante,1,,,
origin,Arend,1,,,
origin,Bannow,1,,,
origin,Domejo,1,,,
origin,Hudiksval,1,,,
origin,Langronna,1,,,
origin,Dungarvon,1,,,
origin,Vigo,1,,,
origin,Held,1,,,
origin,Stockasa,1,,,
origin,"Tidnish, N.S.",1,,,
origin,Lorkno,1,,,
origin,Botornshamn,1,,,
origin,St. Mary,1,,,
origin,Esperanza,1,,,
origin,Leontine,1,,,
origin,Johan,1,,,
origin,Raumea,1,,,
origin,Skeppevik,1,,,
origin,Skippevik,1,,,
origin,Kallio,1,,,
origin,P. E I.,1,,,
origin,Puerta Cortes,1,,,
origin,"Annapolis, N.S.",1,,,
origin,Trontero,1,,,
origin,Dahlkarlsa,1,,,
origin,"Norfolk, N.S.",1,,,
origin,Stockssag,1,,,
origin,Kiga,1,,,
origin,Kioja,1,,,
origin,Solsatsen,1,,,
origin,Molde,1,,,
origin,Lockne,1,,,
origin,Stocksasag,1,,,
origin,Stockvig,1,,,
origin,higa,1,,,
origin,Grainsland,1,,,
origin,Stoess,1,,,
origin,Ornswall,1,,,
origin,Storka,1,,,
origin,Castropol,1,,,
origin,Dwarf,1,,,
origin,Mona's Isle,1,,,
origin,T. W. Allen,1,,,
origin,Alfred,1,,,
origin,Margarethe,1,,,
origin,Fridrikstadt,1,,,
origin,"Auckland, N.Z.",1,,,
origin,Canterbury,1,,,
origin,Bersiamitz,1,,,
origin,Melchers,1,,,
origin,Torre del Greco,1,,,
origin,Sheliac,1,,,
origin,Quega,1,,,
origin,Carde,1,,,
origin,Jamacia,1,,,
origin,Tracadie,1,,,
origin,Itiga,1,,,
origin,Goth,1,,,
origin,Melbu,1,,,
origin,"Pascagoula, N.S.",1,,,
origin,"Bay Verte, N B.",1,,,
origin,"Bay de Verte, N.B.",1,,,
origin,Parabobo,1,,,
origin,Turkey,1,,,
origin,Porto Plata,1,,,
origin,Green Island,1,,,
origin,Ceara,1,,,
origin,Tangror,1,,,
origin,Bolsiamitz,1,,,
origin,Mesen,1,,,
origin,"Musquash, N. B.",1,,,
origin,City of Domingo,1,,,
origin,San Pedro,1,,,
origin,Gudingen,1,,,
origin,Salstrom,1,,,
origin,Madsen,1,,,
origin,Gebens,1,,,
origin,Huelva,1,,,
origin,Legne,1,,,
origin,Cameret,1,,,
origin,Baronne,1,,,
origin,Puerto Cabello,1,,,
origin,"Cornwallis, N.S.",1,,,
origin,"Fort Royal, U.S.A.",1,,,
origin,und,1,,,
origin,Corronne,1,,,
origin,W.C.Africa,1,,,
origin,Gibara,1,,,
origin,"Moncton, N.B.",1,,,
origin,"Coatzcoalcos, Mexico",1,,,
origin,"Charlottetown, P E.I.",1,,,
origin,Fuen,1,,,
origin,Swinesund,1,,,
origin,Bjornberg,1,,,
origin,Satilla River,1,,,
origin,Wisner,1,,,
origin,Greytown,1,,,
origin,Lules,1,,,
origin,Carrol,1,,,
origin,kar,1,,,
origin,"Tatamagouche, N.B.",1,,,
origin,Steel Harbour,1,,,
origin,Fr. Laxa,1,,,
origin,St. George's,1,,,
origin,Baraharia,1,,,
origin,Josephine,1,,,
origin,Ruetouche,1,,,
origin,Domjo,1,,,
origin,Moller,1,,,
origin,Londorgroen,1,,,
origin,Dantric,1,,,
origin,Ipswich,1,,,
origin,St. Clair,1,,,
origin,Parell,1,,,
origin,"props, birr",1,,,
origin,Herr,1,,,
origin,Miramichi York,1,,,
origin,Santa Cruz de Cuba,1,,,
origin,"Weymouth, N S.",1,,,
origin,Santa Cruz del Sur,1,,,
origin,Harbour,1,,,
origin,"Yarmouth, N.B.",1,,,
origin,Ljurne,1,,,
origin,Stenviker,1,,,
origin,app,1,,,
origin,Pierville,1,,,
origin,Murray,1,,,
origin,Dranklippan,1,,,
origin,Borgn,1,,,
origin,Sod rhamn,1,,,
origin,Fecamp,1,,,
origin,Kaumussan,1,,,
origin,Frankhald,1,,,
origin,Halso,1,,,
origin,Abyu,1,,,
origin,Wjsby,1,,,
origin,Upsal,1,,,
origin,"Five Islands, N.S.",1,,,
origin,Lower Kalix,1,,,
origin,"Parraboro', N.S.",1,,,
origin,Amo,1,,,
origin,Strathbogie,1,,,
origin,Noskey,1,,,
origin,Eggesund,1,,,
origin,Elsfleth,1,,,
origin,Rounshy,1,,,
origin,Lyrgoer,1,,,
origin,Landsburg,1,,,
origin,Harborg,1,,,
origin,Ha,1,,,
origin,Waawa,1,,,
origin,Oxford,1,,,
origin,St. Jago,1,,,
origin,Savona,1,,,
origin,Gopaulpore,1,,,
origin,Neva,1,,,
origin,Fernavik,1,,,
origin,Itzehoe,1,,,
origin,Fredriksvoarn,1,,,
origin,Concarnean,1,,,
origin,Tresukstea,1,,,
origin,Kurrachee,1,,,
origin,France,1,,,
origin,Billien,1,,,
origin,Penze,1,,,
origin,Stettin and Gothenburg,1,,,
origin,"Halifax, N.",1,,,
origin,Penang,1,,,
origin,Trondjem,1,,,
origin,"Gibara, Cuba",1,,,
origin,Moum,1,,,
origin,Porsgrand,1,,,
origin,Anciola,1,,,
origin,Aasgardstrand,1,,,
origin,Lysekvil,1,,,
origin,Leroy,1,,,
origin,Hosnas,1,,,
origin,Margretha,1,,,
origin,Red Creek,1,,,
origin,Aguste,1,,,
origin,Uamarina,1,,,
origin,Porgrun,1,,,
origin,Prince Edward's Island,1,,,
origin,Vinje,1,,,
origin,Monsquodoboit,1,,,
origin,Ancona,1,,,
origin,La Roche Bernard,1,,,
origin,Cherril,1,,,
origin,City St. Domingo,1,,,
origin,Mazatlan,1,,,
origin,"St. Marzonell's Bay, N.S.",1,,,
origin,Helsingfors and Kotka,1,,,
origin,"Summerside, P.E.I.",1,,,
origin,Billiers,1,,,
origin,Caramanal,1,,,
origin,Gothenburg and Fredrikstad,1,,,
origin,"Tignish, P.E.I.",1,,,
origin,"Weymouth, U.S.",1,,,
origin,Musquodoboit,1,,,
origin,Fredericksham,1,,,
origin,Enoch,1,,,
origin,Kingsgar,1,,,
origin,Lang,1,,,
origin,Kingsgarden,1,,,
origin,Langoer,1,,,
origin,Nvhann,1,,,
origin,Klippe,1,,,
origin,Hallstavik,1,,,
origin,Ballsta,1,,,
origin,Cayo,1,,,
origin,"Savannah, Georgia",1,,,
origin,Johannesnass,1,,,
origin,WORKING MACHINERY.,1,,,
origin,"The finest floors are said to be seen in Russia. For those of the highest grade, tropical woods are exclusively employed. Fir and pine are never used, as in consequence of their sticky character they attract and retain dust and dirt, and thereby soon become blackened. Pitch pine too is liable to shrink, even after being well seasoned. The mosaic wood floors in Russia are of extraordinary beauty. One, in the Summer Palace, is of small squares of ebony inlaid with mother",1,,,
origin,Stedumas,1,,,
origin,Pierreville,1,,,
origin,Stromness,1,,,
origin,Lugnooh,1,,,
origin,Pukakirk,1,,,
origin,Coconada,1,,,
origin,Plata,1,,,
origin,Gotherburg,1,,,
origin,Dahlkarls,1,,,
origin,Skepps,1,,,
origin,Krageoe,1,,,
origin,Stockholm and Sundswall,1,,,
origin,Faan,1,,,
origin,Naaka,1,,,
origin,Rockport,1,,,
origin,Gidenbacka,1,,,
origin,Rio de la Hache,1,,,
origin,Emnbodd,1,,,
origin,Elsberg,1,,,
origin,Rorgqvara,1,,,
origin,Adelaide,1,,,
origin,Forman,1,,,
origin,Tadansoe,1,,,
origin,Ralso,1,,,
origin,Ardenal,1,,,
origin,Dantsic,1,,,
origin,Kvlorn,1,,,
origin,Aveiro,1,,,
origin,Benjamin River,1,,,
origin,Hall's Bay,1,,,
origin,Murray Harbour,1,,,
origin,Botorpshamn,1,,,
origin,Pasquet,1,,,
origin,Point Wolf,1,,,
origin,Mestis,1,,,
origin,Workebaur,1,,,
origin,Baur,1,,,
origin,"Storung, Gothland",1,,,
origin,Sagua,1,,,
origin,Higge,1,,,
origin,Twillingate,1,,,
origin,Patras,1,,,
origin,Oregon,1,,,
origin,Mazzarelli,1,,,
origin,Apple River,1,,,
origin,"Annapolis, N. S.",1,,,
origin,"Elohey, W.C. Africa",1,,,
origin,Vlaarbingen,1,,,
origin,Sederhamn,1,,,
origin,Storvig,1,,,
origin,Hennel ont,1,,,
origin,Duppe,1,,,
origin,"Port Royal, W.I.",1,,,
origin,Saltholmen,1,,,
origin,Jacques River,1,,,
origin,Varel,1,,,
origin,St. Brie ux,1,,,
origin,Qvartvik,1,,,
origin,Catterina,1,,,
origin,Stoka,1,,,
origin,Viria,1,,,
origin,Adolph Michel,1,,,
origin,Stooka,1,,,
origin,"Parrsbro', N.S.",1,,,
origin,"Windsor, U.S.",1,,,
origin,Vizagapatam,1,,,
origin,"Littleton, N.Z.",1,,,
origin,"Oak Bay, N.S.",1,,,
origin,"Gothenburg, Christinia, and Drammen",1,,,
origin,Cocaigne,1,,,
origin,"Sheet Harbour, U.S.",1,,,
origin,"Caraquet, D.C.",1,,,
origin,Sault au,1,,,
origin,Secumkali,1,,,
origin,St. Mary River,1,,,
origin,Trondheim,1,,,
origin,"Rio Hacha, U.S.",1,,,
origin,"Cedar Keys, U.S.A.",1,,,
origin,La Faon,1,,,
origin,"Baddeck, C.B.",1,,,
origin,Hussein,1,,,
origin,"St. Mary's, N.S.",1,,,
origin,Johannadal,1,,,
origin,Idefjord,1,,,
origin,Wismar,1,,,
origin,Preston,1,,,
origin,Kannissan,1,,,
origin,Fauley,1,,,
origin,Remers,1,,,
origin,Fataholm,1,,,
origin,Nycarleby,1,,,
origin,Ornskoldswik,1,,,
origin,Strangon,1,,,
origin,"Parrsbro', N.T.",1,,,
origin,Batirken,1,,,
origin,Klampenburg,1,,,
origin,Danovara,1,,,
origin,Kungagarden,1,,,
origin,Limo,1,,,
origin,Bjorknas,1,,,
origin,Kor gaborg,1,,,
origin,Fatvik,1,,,
origin,Langen,1,,,
origin,Frederikahald,1,,,
origin,Stranjo,1,,,
origin,Koppvik,1,,,
origin,Lappmanholmen,1,,,
origin,"Pugwash, N.B.",1,,,
origin,Kathammaravik,1,,,
origin,Carlahamn,1,,,
origin,Rofso,1,,,
origin,Stenkjaer,1,,,
origin,Hill,1,,,
origin,Barrow,1,,,
origin,Kannissaari,1,,,
origin,Lund,1,,,
origin,Arundal,1,,,
origin,Sunderstag,1,,,
origin,Familie,1,,,
origin,Borja,1,,,
origin,Dolphin,1,,,
origin,Laing,1,,,
origin,Rodbertus,1,,,
origin,"Hampton, Jamaica",1,,,
origin,Snarven,1,,,
origin,Reunion,1,,,
origin,Augusta,1,,,
origin,"Norfolk, Var.",1,,,
origin,Thisted,1,,,
origin,E. Indies,1,,,
origin,Kraeroe,1,,,
origin,Rangsound,1,,,
origin,Bari,1,,,
origin,Cadiz,1,,,
origin,Thompson,1,,,
origin,Throndsjem,1,,,
origin,"Green Island, Jamaica",1,,,
origin,Rio Grande do Sul,1,,,
origin,"Savannah, U.S.",1,,,
origin,Girl,1,,,
origin,Cornelius,1,,,
origin,Elburg,1,,,
origin,Faekenburg,1,,,
origin,Cape Hayti,1,,,
origin,Savanilla,1,,,
origin,Le Faou,1,,,
origin,Tromso,1,,,
origin,Girgenti,1,,,
origin,New Port,1,,,
origin,Svinocr,1,,,
origin,Elobey,1,,,
origin,Wiswall,1,,,
origin,Rodon,1,,,
origin,Benie,1,,,
origin,Allen,1,,,
origin,Ljuene,1,,,
origin,Aagaards,1,,,
origin,Hartmann,1,,,
origin,Fredenstrand,1,,,
origin,GRATEFUL AND COMFORTING.,1,,,
origin,Urvik,1,,,
origin,Holmen,1,,,
origin,Karlruhs,1,,,
origin,St. Montreal,1,,,
origin,Fredriksval,1,,,
origin,Krasko,1,,,
origin,Binie,1,,,
origin,Port Louise,1,,,
origin,Svinor,1,,,
origin,in,1,,,
origin,Porthonis,1,,,
origin,Rangers,1,,,
origin,Hartvik,1,,,
origin,Danzie,1,,,
origin,Port of Darien,1,,,
origin,Calmo,1,,,
origin,Owari,1,,,
origin,Kannessauri,1,,,
origin,Sorga,1,,,
origin,Ornoviken,1,,,
origin,"Bathurst, N.B",1,,,
origin,Grand Palls,1,,,
origin,Grand Pablos,1,,,
origin,Cubucto,1,,,
origin,Ytterafors,1,,,
origin,St. Lawrence,1,,,
origin,St. Simon's Island,1,,,
origin,Hamn,1,,,
origin,Franceville,1,,,
origin,Calabar,1,,,
origin,Parrsboro,1,,,
origin,Tagonrog,1,,,
origin,"Port Medway, U.S.",1,,,
origin,Champoten,1,,,
origin,Burrard's Inlet,1,,,
origin,Kon'gsberg,1,,,
origin,Vlardingen,1,,,
origin,Germany,1,,,
origin,"Port Royal, S.E.",1,,,
origin,Hollen,1,,,
origin,Alderney,1,,,
origin,Holm,1,,,
origin,Oresund,1,,,
origin,Hower,1,,,
origin,Caderona,1,,,
origin,Aamaes,1,,,
origin,Falkenb'g,1,,,
origin,Parisienne,1,,,
origin,Domsjo and Nordsmalings,1,,,
origin,K. Tor,1,,,
origin,Bomarsund,1,,,
origin,Ulea,1,,,
origin,Lilla Warten,1,,,
origin,Vances,1,,,
origin,Utoo,1,,,
origin,"Digby, N.S.",1,,,
origin,Stralsund,1,,,
origin,"Guysboro,' N.S.",1,,,
origin,Botorphshamn,1,,,
origin,Frostkorge,1,,,
origin,Sandfiord,1,,,
origin,Herte,1,,,
origin,Nivero,1,,,
origin,Emilie,1,,,
origin,Essequibo,1,,,
origin,Gidenbacha,1,,,
origin,Grinsted,1,,,
origin,Trenberth,1,,,
origin,Carlstad,1,,,
origin,Port Medway,1,,,
origin,"St. John, N.P.",1,,,
origin,Gymer,1,,,
origin,N.B.,1,,,
origin,Killeviken,1,,,
origin,Halifax and Portland,1,,,
origin,Hommelvig,1,,,
origin,Maramham,1,,,
origin,Patoum,1,,,
origin,Missouri,1,,,
origin,Samarang,1,,,
origin,Treffenberg,1,,,
origin,Portland Maine,1,,,
origin,Karleby,1,,,
origin,"Spencer's Island, N.S.",1,,,
origin,"Newport, Va.",1,,,
origin,Dorkt,1,,,
origin,Lyngoor,1,,,
origin,San lefjord,1,,,
origin,Oploe,1,,,
origin,Grangemouth,1,,,
origin,"Richmond, Va.",1,,,
origin,Leopold,1,,,
origin,Dumfries,1,,,
origin,Aussig,1,,,
origin,Parahyba,1,,,
origin,Delfhaven,1,,,
origin,Gloucester,1,,,
origin,"Herring Neck, N.fld.",1,,,
origin,Wycoomagh,1,,,
origin,Bjornkas,1,,,
origin,Economy Point,1,,,
origin,Visero,1,,,
origin,"Drysdale, N.B.",1,,,
origin,Three Towns,1,,,
origin,Borggvara,1,,,
origin,Hernhamn,1,,,
origin,Woolwich,1,,,
origin,St.,1,,,
origin,Schabk,1,,,
origin,Kannissaru,1,,,
origin,"Salo, Abo",1,,,
origin,Quella,1,,,
origin,Sietwende,1,,,
origin,Gala,1,,,
origin,Lilla Varten,1,,,
origin,Broke,1,,,
origin,Omsach,1,,,
origin,Miramishi,1,,,
origin,Now York,1,,,
origin,Now Orleans,1,,,
origin,Poston,1,,,
origin,"Newport News, V.",1,,,
origin,Montrose,1,,,
origin,"past two o'clock, and at that time the first floor was well alight. Several manuals were promptly on the spot, and all round the building, and it was with such rapidity that in a short time the efforts of the firemen were successful. The shops of Mr. J. H. Ashton, a picture",1,,,
origin,O xe osund,1,,,
origin,"Ny, Karleby",1,,,
origin,Forrsogrund,1,,,
origin,Calix,1,,,
origin,"Windsor, N.S.",1,,,
origin,Frostkage,1,,,
origin,Maranham,1,,,
origin,Donlin,1,,,
origin,Fredriksvern,1,,,
origin,Scarsport,1,,,
origin,Parrsborough N.S.,1,,,
origin,Oronstadt,1,,,
origin,Werbeback,1,,,
origin,Drng,1,,,
origin,Theophile,1,,,
origin,Sulina,1,,,
origin,Guantanamo,1,,,
origin,Derby,1,,,
origin,Rockabema,1,,,
origin,Aviles,1,,,
origin,Drambak,1,,,
origin,Falkonberg,1,,,
origin,Esvik,1,,,
origin,Kopmanhalmon,1,,,
origin,"New York, U.S.",1,,,
origin,"Cardigan, P.E.I.",1,,,
origin,Trimsaran,1,,,
origin,Saints,1,,,
origin,Kimovski,1,,,
origin,Halista,1,,,
origin,"St. John's, Newfoundland",1,,,
origin,Key West,1,,,
origin,Maraham,1,,,
origin,Bolax,1,,,
origin,Grop,1,,,
origin,"Charleston, N.S.",1,,,
origin,P.E. Island,1,,,
origin,Haab,1,,,
origin,"Tapia, Spain",1,,,
origin,"Mobile, Ala.",1,,,
origin,Gotheaburg,1,,,
origin,from Halifax,1,,,
origin,Fredrikvaern,1,,,
origin,Rugewalde,1,,,
origin,Badeck,1,,,
origin,Rosetta,1,,,
origin,Helmsund,1,,,
origin,Housie,1,,,
origin,Klampenberg,1,,,
origin,Australia,1,,,
origin,"Sheliac, N.B.",1,,,
origin,Norvik,1,,,
origin,Morliax,1,,,
origin,Stockholm and Rafso,1,,,
origin,Backmann,1,,,
origin,"Sheet Harbour, Canada",1,,,
origin,Monksund,1,,,
origin,Stockholm and Soderhamn,1,,,
origin,Ahla,1,,,
origin,Fre.irikshald,1,,,
origin,Nybamn,1,,,
origin,Lervik,1,,,
origin,"Sheet Harbour, N. B.",1,,,
origin,"Economy, N.B.",1,,,
origin,Karenhdel,1,,,
origin,"Portland, Oregon",1,,,
origin,Princesses,1,,,
origin,Nora,1,,,
origin,"Port Medway, N.B.",1,,,
origin,"Wilson appeared in this case, on Saturday last, in the Queen's Bench Division, before Mr. Justice Cave and Mr. Baron Pollock, on behalf of the defendants, on appeal against an order made by Mr. Justice Field, at Chambers, refusing to allow them to amend the writ in the action by adding the name of one Donald as a co",1,,,
origin,Nafso,1,,,
origin,Benodet,1,,,
origin,Revel,1,,,
origin,Sastmola,1,,,
origin,"Baltimore, U.S.A.",1,,,
origin,Guernsey,1,,,
origin,"Newport News, Va",1,,,
origin,Fredriksvorn,1,,,
origin,"West Bay, U.S.",1,,,
origin,Hushgoik,1,,,
origin,Arthur,1,,,
origin,Orotastadt,1,,,
origin,Geila,1,,,
origin,Inverleith Windau,1,,,
origin,Paquebot de Brest,1,,,
origin,New O.leans,1,,,
origin,River,1,,,
origin,Oromocto,1,,,
origin,"Economy, U.S.",1,,,
origin,Avonmouth,1,,,
origin,Port au,1,,,
origin,Franck,1,,,
origin,"Bay Verte, Montreal",1,,,
origin,Rano,1,,,
origin,Horseno,1,,,
origin,Hillsborough N.B.,1,,,
origin,Neder Kalix and Sweden,1,,,
origin,Salvator,1,,,
origin,Cochon,1,,,
origin,St. Paul's Bay,1,,,
origin,Borrga,1,,,
origin,"St. John, N.B",1,,,
origin,Swarwik,1,,,
origin,"Moser River, N.S.",1,,,
origin,Torneouen,1,,,
origin,Mosane,1,,,
origin,Naskee,1,,,
origin,Corcarneau,1,,,
origin,"Economy Point, Nova Scotia",1,,,
origin,Miller,1,,,
origin,Mera,1,,,
origin,Lefjefjord,1,,,
origin,Hernosan,1,,,
origin,Hernosand and Stockholm,1,,,
origin,Skouvik,1,,,
origin,Jule,1,,,
origin,Batekarnas,1,,,
origin,Salis,1,,,
origin,Holsingfors,1,,,
origin,Thomas,1,,,
origin,Almvik,1,,,
origin,Carlberg,1,,,
origin,Arenos,1,,,
origin,Maria,1,,,
origin,Hjorthammar,1,,,
origin,Ronne,1,,,
origin,Rilgedahl,1,,,
origin,Aaland,1,,,
origin,Fiume and Trieste,1,,,
origin,Solvetsburg,1,,,
origin,Gefle and Sandarne,1,,,
origin,Valvig,1,,,
origin,Westering,1,,,
origin,Sutcliffe,1,,,
origin,"Newport News, Va.",1,,,
origin,Varberg,1,,,
origin,Wiken,1,,,
origin,Ahlo,1,,,
origin,Solstradstrom,1,,,
origin,Treshchow,1,,,
origin,Ljughorn,1,,,
origin,Petersen,1,,,
origin,Atu,1,,,
origin,Asbecka,1,,,
origin,Bredvik,1,,,
origin,Sundawall,1,,,
origin,Strommas,1,,,
origin,Murphy,1,,,
origin,Halax,1,,,
origin,Fide,1,,,
origin,Pat,1,,,
origin,Merlaix,1,,,
origin,Bay Chaleur,1,,,
origin,"MILL COMPANY, Johnstone Saw",1,,,
origin,Spencer Island,1,,,
origin,Pikkala,1,,,
origin,Mone,1,,,
origin,Guttstrom,1,,,
origin,Rosa,1,,,
origin,C. Helsingfors,1,,,
origin,Wergeland,1,,,
origin,Fordeux,1,,,
origin,Barkivig,1,,,
origin,Nastor,1,,,
origin,Harnae,1,,,
origin,Pont L Abbe,1,,,
origin,Lieutenant von Witzleben,1,,,
origin,Harnas and Gefle,1,,,
origin,Finklipsan,1,,,
origin,Vordingborg,1,,,
origin,Kaanessari,1,,,
origin,Onega and Soroka,1,,,
origin,"New Mills, N.B.",1,,,
origin,Rorvik,1,,,
origin,Bay Verts,1,,,
origin,Whycocomah,1,,,
origin,"mill work and saving fuel. Its prompt, certain, self",1,,,
origin,Rorso,1,,,
origin,Hanskalaete,1,,,
origin,Otto,1,,,
origin,Swansea,1,,,
origin,Richibuoto,1,,,
origin,West B.,1,,,
origin,"Nynamn, Soderhamn",1,,,
origin,Ed,1,,,
origin,"Nvhamn, Soderhamn",1,,,
origin,NewRichmond,1,,,
origin,"Hillsboro', N.S.",1,,,
origin,Paskllavik,1,,,
origin,Koy,1,,,
origin,"Economy Point, N.S.",1,,,
origin,Hirschberg,1,,,
origin,Belle,1,,,
origin,Svendborg,1,,,
origin,Port Larralde,1,,,
origin,Naskaske,1,,,
origin,Nysted,1,,,
origin,Suudswall,1,,,
origin,Poragrund,1,,,
origin,Villegrain,1,,,
origin,Langangfjord,1,,,
origin,Last week several accidents occurred at Mr. Statham's saw,1,,,
origin,"five years since it was proved possible to make practical use of wrapping papers from wood, and since then the manufacture of wood",1,,,
origin,"Charleston, S.O.",1,,,
origin,Oaen,1,,,
origin,Beraimis,1,,,
origin,"Chatham, N B.",1,,,
origin,Harmas,1,,,
origin,Morennes,1,,,
origin,"Trieste, Fiume",1,,,
origin,Halifax and Boston,1,,,
origin,Slingso,1,,,
origin,St. Annes des Montes,1,,,
origin,Rod,1,,,
origin,Dahl,1,,,
origin,Jakobstad,1,,,
origin,"Brunswick, U.S.",1,,,
origin,Ida,1,,,
origin,Warborg,1,,,
origin,Bonga,1,,,
origin,de,1,,,
origin,Pontecost,1,,,
origin,Pernosand,1,,,
origin,Kolboden,1,,,
origin,Gaarp,1,,,
origin,Ratan,1,,,
origin,Marstal,1,,,
origin,Haslsta,1,,,
origin,past seven o'clock on Saturday evening in the saw,1,,,
origin,Stocka and Skelleftea,1,,,
origin,Larva,1,,,
origin,Klintsham,1,,,
origin,Nyhaun,1,,,
origin,Asunder,1,,,
origin,Skuthamn,1,,,
origin,Sandoo,1,,,
origin,"Port Royal, U.S.",1,,,
origin,Parva,1,,,
origin,Angorn,1,,,
origin,ui,1,,,
origin,sleepers,1,,,
origin,Lauenburg,1,,,
origin,Saltkallen,1,,,
origin,Breme,1,,,
origin,Dansig,1,,,
origin,St. Orleans,1,,,
origin,Landvik,1,,,
origin,Abord,1,,,
origin,Fiano,1,,,
origin,Urvoiken,1,,,
origin,Kjlorn,1,,,
origin,Kjorn,1,,,
origin,Kaunessari,1,,,
origin,Norrtelge,1,,,
origin,Nova Scotia,1,,,
origin,on,1,,,
origin,ON,1,,,
origin,Vallagareia,1,,,
origin,Covesec,1,,,
origin,Rochehon,1,,,
origin,Faenerhaur,1,,,
origin,Rowntrees,1,,,
origin,Pensaco'a,1,,,
origin,Riser,1,,,
origin,Frey,1,,,
origin,Fredrikehald,1,,,
origin,Hambeschow,1,,,
origin,Ste. Marie,1,,,
origin,Jones,1,,,
origin,Ringarde,1,,,
origin,Sandejord,1,,,
origin,St.Trojan,1,,,
origin,Oscarshamp,1,,,
origin,St. Estophe,1,,,
origin,Corunra,1,,,
origin,Pesta,1,,,
origin,"Gold River, N.S.",1,,,
origin,Presta,1,,,
origin,Ponsacola,1,,,
origin,Sundal,1,,,
origin,Bjornvik,1,,,
origin,Aastad,1,,,
origin,FRITZOE,1,,,
origin,Workoback,1,,,
origin,Radon,1,,,
origin,qty. staves,1,,,
origin,Landswall,1,,,
origin,Wifstawarf and Skonvik,1,,,
origin,Osoarshamn,1,,,
origin,Paimboeuf,1,,,
origin,"Miramichi, N. B.",1,,,
origin,Nersuoes,1,,,
origin,from Hernosand,1,,,
origin,Largs,1,,,
origin,Bjornsund,1,,,
origin,Salaro,1,,,
origin,Bjorhnas,1,,,
origin,St. Peter,1,,,
origin,Kannisaari,1,,,
origin,St. Trogan,1,,,
origin,Sidekaviken,1,,,
origin,Anker,1,,,
origin,Lorenz,1,,,
origin,Carl,1,,,
origin,Dragerce,1,,,
origin,La Rochefort,1,,,
origin,Fredriksund,1,,,
origin,Langessund,1,,,
origin,Wanerk,1,,,
origin,Forresborough,1,,,
origin,"St. John, Halifax",1,,,
origin,Bjorkna,1,,,
origin,Christie,1,,,
origin,Hulf,1,,,
origin,Boya,1,,,
origin,Narvik,1,,,
origin,Vadro,1,,,
origin,Christiaria,1,,,
origin,Tyedestrand,1,,,
origin,Ivetofta,1,,,
origin,Soderkoping,1,,,
origin,Lavia,1,,,
origin,Helgenas,1,,,
origin,"Parrsboro', N.B.",1,,,
origin,Dyno,1,,,
origin,Hernosen,1,,,
origin,Vallo,1,,,
origin,Udbyhoi,1,,,
origin,Blaze,1,,,
origin,"St, John, N.B.",1,,,
origin,Cap Lopez,1,,,
origin,Hassvik,1,,,
origin,"Dalhousie, N.B.,",1,,,
origin,Gothenburg and Warberg,1,,,
origin,Kisoer,1,,,
origin,Paspebiac,1,,,
origin,St. Eugenie,1,,,
origin,Hillsboro',1,,,
origin,Sourabayo,1,,,
origin,Montevideo,1,,,
origin,Barbados,1,,,
origin,Victoria,1,,,
origin,St. Ann's Bay,1,,,
origin,Svelarg,1,,,
origin,Baie Verte,1,,,
origin,ford,1,,,
origin,Palermo,1,,,
origin,Pasages,1,,,
origin,Bullriver,1,,,
origin,Lalaja,1,,,
origin,Sandetjord,1,,,
origin,Kobe,1,,,
origin,Aroachon,1,,,
origin,Parlamar,1,,,
origin,Hennebon,1,,,
origin,Grenada,1,,,
origin,Hommebrik,1,,,
origin,Chri,1,,,
origin,W. C. O. Africa,1,,,
origin,Lagos,1,,,
origin,Esquimalt,1,,,
origin,Belise,1,,,
origin,Oran,1,,,
origin,Hafendamm,1,,,
origin,"Portland, Ma.",1,,,
origin,Hillsborough,1,,,
origin,Tell,1,,,
origin,Byxke,1,,,
origin,Sundewall,1,,,
origin,MADAGASCAR,1,,,
origin,Uleabo'g,1,,,
origin,Malja,1,,,
origin,Maija,1,,,
origin,Hennebent,1,,,
origin,iRga,1,,,
origin,Westerik,1,,,
origin,Soperhamn,1,,,
origin,Tredes'rand,1,,,
origin,Nyw York,1,,,
origin,Wiscer,1,,,
origin,-Wifstawarf,1,,,
origin,Abbola,1,,,
origin,Gibraltar,1,,,
origin,De Brodre,1,,,
origin,Norwegian,1,,,
origin,Cape Chat,1,,,
origin,Monastir,1,,,
origin,W.O. Africa,1,,,
origin,Halsc,1,,,
origin,Maros,1,,,
origin,Dragsvik,1,,,
origin,Soderhamn nd Iggesund,1,,,
origin,Askersund,1,,,
origin,Torsfors,1,,,
origin,"S. John, N.B.",1,,,
origin,Hannah,1,,,
origin,Beaver Point,1,,,
origin,St. Petersburg and Cronstadt,1,,,
origin,Larvik,1,,,
origin,Sorel,1,,,
origin,La Vera Cruz,1,,,
origin,River Plate,1,,,
origin,Arohamn,1,,,
origin,Pigeholm,1,,,
origin,Esacger,1,,,
origin,Parr.boro,1,,,
origin,Lunde,1,,,
origin,Ornekj,1,,,
origin,Wanevick,1,,,
origin,Burso,1,,,
origin,Vyborg,1,,,
origin,Finkklippan,1,,,
origin,Grundsvik,1,,,
origin,"Harvey, N.B",1,,,
origin,Havnefjord,1,,,
origin,Parsbro',1,,,
origin,"Doboy, U.S.A.",1,,,
origin,Galle,1,,,
origin,Kongsmo,1,,,
origin,Valencia,1,,,
origin,Peterlaks,1,,,
origin,Torafors,1,,,
origin,OUT OF PACKING,1,,,
origin,"MILL, PORT",1,,,
origin,Madagascar,1,,,
origin,Ramso,1,,,
origin,Bo deaux,1,,,
origin,Oscarsbamn,1,,,
origin,et Madeline,1,,,
origin,Moss and Holmestrand,1,,,
origin,Charles,1,,,
origin,Triesto,1,,,
origin,tein,1,,,
origin,Cobourete,1,,,
origin,"Geraldton, W.A.",1,,,
origin,Colmar,1,,,
origin,L. H. Carl,1,,,
origin,hamn,1,,,
origin,Oarril,1,,,
origin,Puebla de Caraminal,1,,,
origin,Anderini,1,,,
origin,et,1,,,
origin,Fayal,1,,,
origin,Svelvik,1,,,
origin,Calder,1,,,
origin,Dyreberg,1,,,
origin,Meta,1,,,
origin,Zic,1,,,
origin,Crorstadt,1,,,
origin,Werkebeck,1,,,
origin,Drama,1,,,
origin,PRESTO,1,,,
origin,Belbur,1,,,
origin,Frankfort,1,,,
origin,St Brieux,1,,,
origin,Fran,1,,,
origin,Tecolutla,1,,,
origin,"Brunswick, Geo.",1,,,
origin,Sodernamn,1,,,
origin,Pernambuco,1,,,
origin,"Grindestone Island, N.B.",1,,,
origin,"Darien, Ga.",1,,,
origin,Syske,1,,,
origin,Konigsborg,1,,,
origin,Kragerce,1,,,
origin,Sleipner,1,,,
origin,Norfolk News,1,,,
origin,Suimper,1,,,
origin,Douarnenes,1,,,
origin,Royan,1,,,
origin,W. C. of Africa,1,,,
origin,W. O. of Africa,1,,,
origin,Bennett,1,,,
origin,Muolsund,1,,,
origin,Sapelo Sound,1,,,
origin,Newcast'e,1,,,
origin,Bergsviken,1,,,
origin,Szarson,1,,,
origin,Macane,1,,,
origin,Svartson,1,,,
origin,Cat Island,1,,,
origin,Lieutenant von Wetzleten,1,,,
origin,Port Audierne,1,,,
origin,"St. Simon's, Florida",1,,,
origin,Tlacatalpam,1,,,
origin,Wanervik,1,,,
origin,TLACOTALPAM,1,,,
origin,Delftshaven,1,,,
origin,Parnham,1,,,
origin,Snaeroen,1,,,
origin,Barohona,1,,,
origin,Biga,1,,,
origin,Messina,1,,,
origin,Hillsbro',1,,,
origin,town Demerara,1,,,
origin,Wood,1,,,
origin,Toroes,1,,,
origin,Wansvik,1,,,
origin,Algiers,1,,,
origin,Ca'cutta,1,,,
origin,from San Domingo,1,,,
origin,Sudroen,1,,,
origin,Cheshire,1,,,
origin,Surinam,1,,,
origin,Halden,1,,,
origin,Jorfed,1,,,
origin,Sapuo,1,,,
origin,Sundt,1,,,
origin,Brabestad and Rafso,1,,,
origin,B.ahestadt,1,,,
origin,Yokohama,1,,,
origin,Port Blair,1,,,
origin,OABARETTE,1,,,
origin,Anray,1,,,
origin,Freijo,1,,,
origin,Carnac,1,,,
origin,Sapso,1,,,
origin,Savernaes,1,,,
origin,Framfors,1,,,
origin,Marieborg,1,,,
origin,Grange,1,,,
origin,"We have received from the office, and saw",1,,,
origin,Soderkopling,1,,,
origin,"West Point, Va.",1,,,
origin,"Port Royal, U.S.A.",1,,,
origin,Brewers Lagoon,1,,,
origin,Botwoodville,1,,,
origin,Betsimis,1,,,
origin,Elfrego,1,,,
origin,Norrvik,1,,,
origin,Bernard,1,,,
origin,Cap Lopaz,1,,,
origin,S. W. Africa,1,,,
origin,"Rockingham, W A",1,,,
origin,Randers and Fredrikshavn,1,,,
origin,Mentz,1,,,
origin,"Stugsund, Soderhamn",1,,,
origin,FIUME,1,,,
origin,Saint Domingo,1,,,
origin,Santanter,1,,,
origin,Edense,1,,,
origin,Gaston,1,,,
origin,Cape Haitien,1,,,
origin,Fuime,1,,,
origin,"Liscomb, N.S.",1,,,
origin,Bristol,1,,,
origin,Noderkalix,1,,,
origin,Sundsvik,1,,,
origin,Whitby,1,,,
origin,Uraskoldsvik,1,,,
origin,Tundal,1,,,
origin,Gotheby,1,,,
origin,Fredriksta't,1,,,
origin,Haliered,1,,,
origin,Ny Kopparberg,1,,,
origin,Karten,1,,,
origin,"Christiania, Laurvig, and Arendal",1,,,
origin,Karholm,1,,,
origin,Djupviken,1,,,
origin,Rendsburg,1,,,
origin,"The cargo of pit props ex Martha, from Christiania, reported last week to the Gritton Coal Co., were for Mr. T. Atkinson, of Newcastle",1,,,
origin,Wilhelmshaven,1,,,
origin,"Parrsborough, N S.",1,,,
origin,Kong,1,,,
origin,"Halifax, U S",1,,,
origin,Boleo,1,,,
origin,Las Palmas,1,,,
origin,St Malo,1,,,
origin,Eliser,1,,,
origin,Sundsore,1,,,
origin,Arcnangel,1,,,
origin,"Alne, Ornskjoldsvik",1,,,
origin,Snaroen and Christiania,1,,,
origin,"dressing are seen in cases equally or more striking than the evils of denuding the roots of the smallest, portion of soil. It is too often forgotten in top",1,,,
origin,Hall,1,,,
origin,Olofstors and Gefle,1,,,
origin,Emden,1,,,
origin,Cronstadt and Wyborg,1,,,
origin,Ostersjon,1,,,
origin,Norrsund,1,,,
origin,Ambro',1,,,
origin,Hawkins,1,,,
origin,"St. John, N B",1,,,
origin,"St John, N B",1,,,
origin,Tunaadal,1,,,
origin,Muhlgraven,1,,,
origin,Murray Bay,1,,,
origin,twyth,1,,,
origin,Chatham N B,1,,,
origin,Rask,1,,,
origin,Pjelax Kasko,1,,,
origin,Frederiksoern,1,,,
origin,Sornas Helsingfors,1,,,
origin,Tvede,1,,,
origin,Montreal via London,1,,,
origin,"St John, NB",1,,,
origin,Mauritzberg,1,,,
origin,"West Bay, N S",1,,,
origin,Kaunussari,1,,,
origin,Port Laurvig,1,,,
origin,Arsachons,1,,,
origin,"Fritzoe, Laurvig",1,,,
origin,Odense and Fredrikshamn,1,,,
origin,Labarette,1,,,
origin,Aimee,1,,,
origin,Langford,1,,,
origin,Odense and Norrkoping,1,,,
origin,Onen,1,,,
origin,Hadoen,1,,,
origin,Bergsund,1,,,
origin,Smartvik,1,,,
origin,Churchbridge,1,,,
origin,Skjoldvik,1,,,
origin,St. Alfred,1,,,
origin,St. Charles,1,,,
origin,Stohka,1,,,
origin,Liscomb Harbour,1,,,
origin,Bjorko,1,,,
origin,Fano,1,,,
origin,Rugenwald,1,,,
origin,Strand,1,,,
origin,Hudikowall,1,,,
origin,Porto Rico,1,,,
origin,d in their devastating wars. The ay be seen almost all round the sea,1,,,
origin,Norrtelje,1,,,
origin,Hudikswal',1,,,
origin,Verte,1,,,
origin,County,1,,,
origin,Kemel,1,,,
origin,Salmis,1,,,
origin,"St. Thomas, Quebec",1,,,
origin,at,1,,,
origin,CAPE BRETON,1,,,
origin,Parrsboroug,1,,,
origin,TRUXILLO,1,,,
origin,Montreal and Three Rivers,1,,,
origin,CRONSTADT,1,,,
origin,"west and westerly gales so prevalent in our latitudes, and of the almost universal westerly winds in the North Atlantic, which are, in fact, nothing more than a part of the general system of the reaction of the trades, and of the process which the equilibrium of the earth's motion is maintained under their action. An ordinary observation of trees growing singly, and exposed on a plain or table",1,,,
origin,"Chama, W.C. Africa",1,,,
origin,Myonus,1,,,
origin,Wilalakte,1,,,
origin,Cape,1,,,
origin,Kingero,1,,,
origin,Kasko,1,,,
origin,Christinehamn,1,,,
origin,Fredrikstrand,1,,,
origin,Barrysors,1,,,
origin,Malmstadt,1,,,
origin,Bergen and Stavanger,1,,,
origin,"Axim, W. C. Africa",1,,,
origin,Makslahti,1,,,
origin,Carisvik,1,,,
origin,"Herring Cove, N.S.",1,,,
origin,Nederkalx,1,,,
origin,London,1,,,
origin,Herring Cove,1,,,
origin,Roueie Bernard,1,,,
origin,l'Eguille,1,,,
origin,Rugeldine,1,,,
origin,Lake Wetter,1,,,
origin,Janssen,1,,,
origin,Rordeaux,1,,,
origin,Kallera,1,,,
origin,"Alma, N.B",1,,,
origin,Marie Windau,1,,,
origin,Roche Bernand,1,,,
origin,Vanevik,1,,,
origin,"Apalachicola, Fla.",1,,,
origin,South West Africa,1,,,
origin,Port Lannay,1,,,
origin,"Barahona, St. Domingo",1,,,
origin,Chicontine,1,,,
origin,Skutskar and Harnas,1,,,
origin,Halmstrand,1,,,
origin,"Westbay, N.B.",1,,,
origin,Westbay,1,,,
origin,Jesfed,1,,,
origin,"Cape Tormentine, N.B.",1,,,
origin,Bersimis River,1,,,
origin,"Santa Ana, Mexico",1,,,
origin,Hilbrungsberg,1,,,
origin,Drago,1,,,
origin,"Portland, Or.",1,,,
origin,"Stromfors, Finland",1,,,
origin,Nykarbley,1,,,
origin,"Charlestown, S.C.",1,,,
origin,Sverre,1,,,
origin,PUGET SOUND,1,,,
origin,Johannedal,1,,,
origin,Karistad,1,,,
origin,Verona,1,,,
origin,Kramfors and Nordmaling,1,,,
origin,St. Anne des Monts,1,,,
origin,Gothik,1,,,
origin,Jernen,1,,,
origin,Camel,1,,,
origin,NORWAY,1,,,
origin,"Grand Bay, Saguenay",1,,,
origin,"Algoa Bay, N.B.",1,,,
origin,Linkoping,1,,,
origin,Tadousac,1,,,
origin,Harfvarfeg,1,,,
origin,Brandshamn,1,,,
origin,Ulrich,1,,,
origin,Elma,1,,,
origin,Osbeck,1,,,
origin,Medleaks,1,,,
origin,Ulfsberg,1,,,
origin,Petits Mechins,1,,,
origin,Mossel Bay,1,,,
origin,Kerni,1,,,
origin,Sofia,1,,,
origin,L'Eguille,1,,,
origin,"Repola, Finland",1,,,
origin,"St. John, N.S.",1,,,
origin,Grunstad,1,,,
origin,Galatola,1,,,
origin,"Northport, U.S.",1,,,
origin,Batskarnas,1,,,
origin,Freyo,1,,,
origin,Lilla Wartan,1,,,
origin,STROMFORS,1,,,
origin,Kotka and Wyborg,1,,,
origin,Rochelle,1,,,
origin,La Plata,1,,,
origin,Christineatad,1,,,
origin,Rovda,1,,,
origin,W. Donaldson,1,,,
origin,'Orient,1,,,
origin,Fredrik Wilhelm,1,,,
origin,Torngberg,1,,,
origin,Wadstena,1,,,
origin,HERNO-SAND,1,,,
origin,MONTROSE,1,,,
origin,arried about without diffi,1,,,
origin,STROMBORG,1,,,
origin,HERNOSAND,1,,,
origin,Villa Vartan,1,,,
origin,Tonnay Charaute,1,,,
origin,Tonnay Charante,1,,,
origin,Flanders,1,,,
origin,Wadau,1,,,
origin,Norway Yd,1,,,
origin,Cherry Garden Pier,1,,,
origin,Commercial Dk,1,,,
origin,Uthammar,1,,,
origin,Mercury Bay,1,,,
origin,Carammal,1,,,
origin,Carrizal,1,,,
origin,Carrie,1,,,
origin,Arcachin,1,,,
origin,St John N.B.,1,,,
origin,Cortland,1,,,
origin,Aura,1,,,
origin,Arenc,1,,,
origin,Chailles,1,,,
origin,"Norfolk, V.A.",1,,,
origin,Fiskebackskill,1,,,
origin,"Bangkok, via Cadiz",1,,,
origin,Fiskebackskil,1,,,
origin,Cabarati,1,,,
origin,Apeldo,1,,,
origin,"New Orleans to Belfast, trans",1,,,
origin,Tampico,1,,,
origin,Sandifgord,1,,,
origin,Fordeaux,1,,,
origin,W.C.A.,1,,,
origin,Fredestrand,1,,,
origin,Canillac,1,,,
origin,MESANE,1,,,
origin,Homlstrand,1,,,
origin,Windan,1,,,
origin,Setubal,1,,,
origin,Saigon,1,,,
origin,Stronstad,1,,,
origin,Porsholm,1,,,
origin,Wanewik,1,,,
origin,"For the carpenter, slater, and plasterer's work of new dwelling",1,,,
origin,SHARP,1,,,
origin,Helensborg,1,,,
origin,Hernos,1,,,
origin,"Bangor, U.S.A.",1,,,
origin,Iraskjoldsvik,1,,,
origin,Vianna do Castello,1,,,
origin,Lulea and Skelleftea,1,,,
origin,"Christiania, Laurvigdal",1,,,
origin,Darg,1,,,
origin,tran,1,,,
origin,Vienna,1,,,
origin,Bord aux,1,,,
origin,Law,1,,,
origin,Tyne Dock,1,,,
origin,St. John's and Halifax,1,,,
origin,Gothenburg and Fredik,1,,,
origin,Stockholm and Newfair,1,,,
origin,Wilmington N.C.,1,,,
origin,Fijeholm,1,,,
origin,Port Blakely,1,,,
origin,GAMLA KARLEBY,1,,,
origin,WESTERVIK,1,,,
origin,BERGGUARA,1,,,
origin,"spected by forest rangers, whose duty it is to report on the existing state of the proclaimed reserves, control the operations of licensed timber",1,,,
origin,Horningsholm,1,,,
origin,Bonavista,1,,,
origin,Stromsfors,1,,,
origin,Miridan,1,,,
origin,Bunbury,1,,,
origin,Botorp,1,,,
origin,Stad,1,,,
origin,"St. Margaret's Bay, N.S",1,,,
origin,Kaska,1,,,
origin,Go'henburg,1,,,
origin,Luvik,1,,,
origin,Galats,1,,,
origin,Burria,1,,,
origin,Bic,1,,,
origin,Umea and Mo,1,,,
origin,Pansborg,1,,,
origin,Chatham N. B.,1,,,
origin,B. ALMQUIST ... ... ... RED --,1,,,
origin,Helsinborg,1,,,
origin,Lauroig,1,,,
origin,Lahou qty logs and timber sundry consignees,1,,,
origin,"Christiania, etc.",1,,,
origin,Dunkerque,1,,,
origin,Jull,1,,,
origin,Pont l'able,1,,,
origin,Gothenbarg,1,,,
origin,Portland Me.,1,,,
origin,"Halifax, N.S. and St. John, N.B.",1,,,
origin,Rafo,1,,,
origin,of,1,,,
origin,Botorpsham,1,,,
origin,Norrviken,1,,,
origin,Frome,1,,,
origin,L' Orient,1,,,
origin,Person,1,,,
origin,Fredrick,1,,,
origin,Ness,1,,,
origin,Villagareia,1,,,
origin,"Halifax,N.S.",1,,,
origin,Exploit Bay,1,,,
origin,Aby,1,,,
origin,"Boston, U.S.A.",1,,,
origin,"Avonport, N.S.",1,,,
origin,Faxa,1,,,
origin,"Chatham, N B",1,,,
origin,Baie de Verte,1,,,
origin,Pantine,1,,,
origin,Norsholm,1,,,
origin,Yetterfors,1,,,
origin,Narvic,1,,,
origin,Igzesund,1,,,
origin,Ludvig,1,,,
origin,Tweed,1,,,
origin,Borg,1,,,
origin,Warber,1,,,
origin,"W.C. Africa, Forcados",1,,,
origin,Hummelvik,1,,,
origin,Sinowjews,1,,,
origin,"Tusket, N.S.",1,,,
origin,Tornio,1,,,
origin,Sundau,1,,,
origin,Newport Mews,1,,,
origin,"Jacquit River, N.B.",1,,,
origin,"Bangor, Me.",1,,,
origin,"Bangor, Maine",1,,,
origin,"Dariero, G.A.",1,,,
origin,Soderkalix,1,,,
origin,"Halifax, N.S.,",1,,,
origin,Algoa Bay,1,,,
origin,Dalhousie N.B.,1,,,
origin,Neuvelle,1,,,
origin,Stensborg,1,,,
origin,SANDS,1,,,
origin,LAGOS,1,,,
origin,AXIM,1,,,
origin,Rosbras,1,,,
origin,Fingelholm,1,,,
origin,Norrjelge,1,,,
origin,Awray,1,,,
origin,"Kingston, Jamaica",1,,,
origin,Falkner,1,,,
origin,Margrethe,1,,,
origin,La Trinite,1,,,
origin,Frisketackskil,1,,,
origin,Aahus,1,,,
origin,Monsteros,1,,,
origin,Kannisaarri,1,,,
origin,Marino,1,,,
origin,Warwik,1,,,
origin,Kristianopol,1,,,
origin,Bergqvora,1,,,
origin,Beamerside,1,,,
origin,Stathelle,1,,,
origin,Sandvik and Umea,1,,,
origin,Spruce Deals,1,,,
origin,Dursey,1,,,
origin,Nederkalik,1,,,
origin,Yxpila,1,,,
origin,Rige,1,,,
origin,Nederkkalix,1,,,
origin,Chatham N.B.,1,,,
origin,Mariehill,1,,,
origin,Mo,1,,,
origin,Minde,1,,,
origin,Franton,1,,,
origin,"door work the deliveries of wood continue fairly large, and, were it not for the check given by the great advance in cost, deliveries would no doubt be still larger. Besides the increased cost free",1,,,
