original_port,ship_count,category_hint,action,map_to_port,notes
W. C. Africa,54,high_value,,,
Trehiguier,10,high_value,,,
Pyterlaks,10,high_value,,,
Snaroen,10,high_value,,,
Wederlaks,10,high_value,,,
Magdalen River,9,legitimate_minor,,,
Soon,8,legitimate_minor,,,
Tupilco,7,legitimate_minor,,,
Gaspe,7,legitimate_minor,,,
Taganrog,7,legitimate_minor,,,
Charlestown,7,legitimate_minor,,,
Wifstavarf,7,legitimate_minor,,,
Tillingnabben,7,legitimate_minor,,,
Lysekil,7,legitimate_minor,,,
Fredrickshald,7,legitimate_minor,,,
Drag,7,legitimate_minor,,,
Forsgrund,7,legitimate_minor,,,
Uto,7,legitimate_minor,,,
"Brunswick, Ga.",7,legitimate_minor,,,
Schiedam,7,legitimate_minor,,,
Solstadstrom,7,legitimate_minor,,,
Sando,7,legitimate_minor,,,
Odense,7,legitimate_minor,,,
"Portland, Me.",7,legitimate_minor,,,
Ny Carleby,6,legitimate_minor,,,
Wiscasset,6,legitimate_minor,,,
Summerside,6,legitimate_minor,,,
Ekenas,6,legitimate_minor,,,
Havana,6,legitimate_minor,,,
Svano,6,legitimate_minor,,,
Barahona,6,legitimate_minor,,,
Lockno,6,legitimate_minor,,,
Parrsbro',6,legitimate_minor,,,
F'stadt,6,legitimate_minor,,,
Southampton,6,legitimate_minor,,,
Louvain,6,legitimate_minor,,,
Oskarshamn,6,legitimate_minor,,,
Brahestad,6,legitimate_minor,,,
Wiborg,6,legitimate_minor,,,
Treguier,6,legitimate_minor,,,
Konigsburg,6,legitimate_minor,,,
Hull,6,legitimate_minor,,,
Warburg,6,legitimate_minor,,,
Old Harbour,6,legitimate_minor,,,
Jerfed,6,legitimate_minor,,,
Grand Pabos,6,legitimate_minor,,,
Berbice,6,legitimate_minor,,,
Brazil,6,legitimate_minor,,,
Campbeltown,6,legitimate_minor,,,
Nystad,6,legitimate_minor,,,
"Portland, O.",6,legitimate_minor,,,
Brunne,6,legitimate_minor,,,
West Point,6,legitimate_minor,,,
Skein,6,legitimate_minor,,,
"Portland, M.",6,legitimate_minor,,,
Christianopel,6,legitimate_minor,,,
Twedestrand,5,legitimate_minor,,,
Stolpemunde,5,legitimate_minor,,,
Akyab,5,legitimate_minor,,,
Sandiefiord,5,legitimate_minor,,,
Cocagne,5,legitimate_minor,,,
Fredrickshamn,5,legitimate_minor,,,
New Ross,5,legitimate_minor,,,
Rusoer,5,legitimate_minor,,,
Dalkarlsa,5,legitimate_minor,,,
Hornefors,5,legitimate_minor,,,
Betsiamitz,5,legitimate_minor,,,
N. York,5,legitimate_minor,,,
Brahestadt,5,legitimate_minor,,,
Belon,5,legitimate_minor,,,
P. E. Island,5,legitimate_minor,,,
Tlacotalpam,5,legitimate_minor,,,
Meschers,5,legitimate_minor,,,
Grimsby,5,legitimate_minor,,,
Corcubion,5,legitimate_minor,,,
Concarneau,5,legitimate_minor,,,
Furnogrund,5,legitimate_minor,,,
Trondhjem,5,legitimate_minor,,,
Honfleur,5,legitimate_minor,,,
Aland,5,legitimate_minor,,,
Port Louis,5,legitimate_minor,,,
Harg,5,legitimate_minor,,,
Cherbourg,5,legitimate_minor,,,
"St. John, N B.",5,legitimate_minor,,,
"Portland, Maine",5,legitimate_minor,,,
Alexandria,5,legitimate_minor,,,
Audierne,5,legitimate_minor,,,
Binic,5,legitimate_minor,,,
Berggvara,5,legitimate_minor,,,
Oregrund,5,legitimate_minor,,,
Makslaks,5,legitimate_minor,,,
Cape Tormentine,5,legitimate_minor,,,
Knysna,5,legitimate_minor,,,
Acorn Yd,5,legitimate_minor,,,
Panillac,5,legitimate_minor,,,
Orkedalsoren,4,likely_variant,,,
Lyngoer,4,likely_variant,,,
Hobart Town,4,likely_variant,,,
Ostrand,4,likely_variant,,,
Fredriksham,4,likely_variant,,,
Nedercalix,4,likely_variant,,,
Northport,4,likely_variant,,,
Galway,4,likely_variant,,,
Caraquette,4,likely_variant,,,
Fredrickshaldt,4,likely_variant,,,
Cork,4,likely_variant,,,
San Domingo,4,likely_variant,,,
R. Bernard,4,likely_variant,,,
Xiansand,4,likely_variant,,,
Noya,4,likely_variant,,,
Wiener,4,likely_variant,,,
Muhlgraben,4,likely_variant,,,
Villa Garcia,4,likely_variant,,,
St. Ignace,4,likely_variant,,,
Bay of Islands,4,likely_variant,,,
Christianople,4,likely_variant,,,
Landgangen,4,likely_variant,,,
Pernaviken,4,likely_variant,,,
Vancouver's Island,4,likely_variant,,,
Faon,4,likely_variant,,,
Vlaardingen,4,likely_variant,,,
Savenas,4,likely_variant,,,
St. Lucia,4,likely_variant,,,
Esbjerg,4,likely_variant,,,
Sanda,4,likely_variant,,,
Ulfvik,4,likely_variant,,,
"Campbelltown, N.B.",4,likely_variant,,,
Bremerhaven,4,likely_variant,,,
Stavanger,4,likely_variant,,,
Newport,4,likely_variant,,,
Karlscrona,4,likely_variant,,,
Koping,4,likely_variant,,,
Vivero,4,likely_variant,,,
Papenburg,4,likely_variant,,,
Orkedalen,4,likely_variant,,,
Puget Sound,4,likely_variant,,,
Abus,4,likely_variant,,,
St. Simons,4,likely_variant,,,
Santa Eugenia,4,likely_variant,,,
St. Margaret's Bay,4,likely_variant,,,
Barcelona,4,likely_variant,,,
Freigo,4,likely_variant,,,
Millwall Dk,4,likely_variant,,,
Christensen,3,likely_variant,,,
Liverpool,3,likely_variant,,,
Tatamagouche,3,likely_variant,,,
Honduras,3,likely_variant,,,
Gamla Carleby,3,likely_variant,,,
Canada,3,likely_variant,,,
Calais,3,likely_variant,,,
Wistawarf,3,likely_variant,,,
Axmar,3,likely_variant,,,
Prince Edward Island,3,likely_variant,,,
Landskrona,3,likely_variant,,,
Gaboon,3,likely_variant,,,
Levanger,3,likely_variant,,,
Horten,3,likely_variant,,,
Randers,3,likely_variant,,,
Five Islands,3,likely_variant,,,
Soraker,3,likely_variant,,,
Picton,3,likely_variant,,,
Hangesund,3,likely_variant,,,
Limerick,3,likely_variant,,,
Altona,3,likely_variant,,,
Barnstaple,3,likely_variant,,,
Waya,3,likely_variant,,,
Skutakar,3,likely_variant,,,
Port-au-Prince,3,likely_variant,,,
Ronneby,3,likely_variant,,,
Cardiff,3,likely_variant,,,
Poole,3,likely_variant,,,
Phila,3,likely_variant,,,
G'burg.,3,likely_variant,,,
Dantzio,3,likely_variant,,,
Gamla Karleby,3,likely_variant,,,
Oak Bay,3,likely_variant,,,
Saltkallan,3,likely_variant,,,
"Chatham, N. B.",3,likely_variant,,,
Bruges,3,likely_variant,,,
St. Ana,3,likely_variant,,,
Santa Cruz,3,likely_variant,,,
Bellon,3,likely_variant,,,
Xinestad,3,likely_variant,,,
W. Indies,3,likely_variant,,,
Xtiansand,3,likely_variant,,,
Camarina,3,likely_variant,,,
Alfredsham,3,likely_variant,,,
Dago,3,likely_variant,,,
Fritzoe,3,likely_variant,,,
"Halifax, N.B.",3,likely_variant,,,
"Charleston, S.C.",3,likely_variant,,,
"Caraquet, N.B.",3,likely_variant,,,
"St. John's, N.F.",3,likely_variant,,,
Nevis,3,likely_variant,,,
Baltic,3,likely_variant,,,
Jordan River,3,likely_variant,,,
Ystad,3,likely_variant,,,
River St. Lawrence,3,likely_variant,,,
Leque,3,likely_variant,,,
Mesquer,3,likely_variant,,,
Valparaiso,3,likely_variant,,,
"Jordan River, N.S.",3,likely_variant,,,
Bjornsborg,3,likely_variant,,,
"Bridgewater, N.S.",3,likely_variant,,,
River Quelle,3,likely_variant,,,
Ulenborg,3,likely_variant,,,
"Charleston, U.S.",3,likely_variant,,,
Java,3,likely_variant,,,
"St. Margaret's Bay, N.S.",3,likely_variant,,,
"Pugwash, N.S.",3,likely_variant,,,
St. Eugenia,3,likely_variant,,,
Rodestrand,3,likely_variant,,,
Africa,3,likely_variant,,,
Lilla Vartan,3,likely_variant,,,
"Cocagne, N.B.",3,likely_variant,,,
Marie,3,likely_variant,,,
Vera Cruz,3,likely_variant,,,
Landscrona,3,likely_variant,,,
"St John, N.B.",3,likely_variant,,,
Cuxhaven,3,likely_variant,,,
Barquero,3,likely_variant,,,
"Boston, U.S.",3,likely_variant,,,
Skutekar,3,likely_variant,,,
"Norfolk, Va",3,likely_variant,,,
Karlstad,3,likely_variant,,,
Byake,3,likely_variant,,,
Gustafshamn,3,likely_variant,,,
Halifax and Baltimore,3,likely_variant,,,
"Port Royal, S.C.",3,likely_variant,,,
Christiania and Gothenburg,3,likely_variant,,,
Stavarf,3,likely_variant,,,
Elsinore,3,likely_variant,,,
Trieste and Fiume,3,likely_variant,,,
Astoria,3,likely_variant,,,
"North Port, N.S.",3,likely_variant,,,
Metane,3,likely_variant,,,
Nantes and Bordeaux,3,likely_variant,,,
St. Simon's,3,likely_variant,,,
Bilbao,3,likely_variant,,,
Obbola,3,likely_variant,,,
Tillingenabben,3,likely_variant,,,
Kalajoki,3,likely_variant,,,
West Coast Africa,3,likely_variant,,,
Cologne,3,likely_variant,,,
Rio Janeiro,3,likely_variant,,,
Villa garcia,3,likely_variant,,,
Nykjobing,3,likely_variant,,,
New Brunswick,3,likely_variant,,,
Nordkoping,3,likely_variant,,,
Western,3,likely_variant,,,
Axim,3,likely_variant,,,
Grindstone Island,3,likely_variant,,,
"Portland, Me",3,likely_variant,,,
"St. John, N B,",3,likely_variant,,,
Lavender Dk,3,likely_variant,,,
Pyttis,2,likely_variant,,,
Svartwik,2,likely_variant,,,
Bonny,2,likely_variant,,,
New River,2,likely_variant,,,
Para,2,likely_variant,,,
Cape Lopez,2,likely_variant,,,
Nynamn,2,likely_variant,,,
Leer,2,likely_variant,,,
Faaborg,2,likely_variant,,,
Denmark,2,likely_variant,,,
Haynasch,2,likely_variant,,,
Georgetown,2,likely_variant,,,
Launig,2,likely_variant,,,
Pillan,2,likely_variant,,,
Gothenborg,2,likely_variant,,,
Windart,2,likely_variant,,,
Tlatocalpan,2,likely_variant,,,
Dorchester,2,likely_variant,,,
Vesteras,2,likely_variant,,,
Ullanger,2,likely_variant,,,
Sandswell,2,likely_variant,,,
West Coast of Africa,2,likely_variant,,,
Risver,2,likely_variant,,,
Tusket,2,likely_variant,,,
Chepstow,2,likely_variant,,,
ends,2,likely_variant,,,
Morant Bay,2,likely_variant,,,
Hietanen,2,likely_variant,,,
Slitehamn,2,likely_variant,,,
Tain,2,likely_variant,,,
Livingston,2,likely_variant,,,
Fredericksvoern,2,likely_variant,,,
Sodertelje,2,likely_variant,,,
Nyvick,2,likely_variant,,,
St. P'burg.,2,likely_variant,,,
Wicklow,2,likely_variant,,,
Dublin,2,likely_variant,,,
Jemtosund,2,likely_variant,,,
St. Servan,2,likely_variant,,,
N. Orleans,2,likely_variant,,,
Drogheda,2,likely_variant,,,
Milford,2,likely_variant,,,
Marma,2,likely_variant,,,
Olskoldsvick,2,likely_variant,,,
Tillinge,2,likely_variant,,,
Nyborg,2,likely_variant,,,
St. Anna,2,likely_variant,,,
Swartvick,2,likely_variant,,,
Gefle and Skutskar,2,likely_variant,,,
Hakkala,2,likely_variant,,,
Kungsgarten,2,likely_variant,,,
Luguvik,2,likely_variant,,,
Klampenborg,2,likely_variant,,,
San Cyprian,2,likely_variant,,,
Gidebacha,2,likely_variant,,,
Emil,2,likely_variant,,,
Rander,2,likely_variant,,,
Haynash,2,likely_variant,,,
F'kstad,2,likely_variant,,,
Penzance,2,likely_variant,,,
Luarca,2,likely_variant,,,
Newfoundland,2,likely_variant,,,
Alfredshamn,2,likely_variant,,,
Croisic,2,likely_variant,,,
Xnia,2,likely_variant,,,
Ablafors,2,likely_variant,,,
"Oak Bay, N.B.",2,likely_variant,,,
Langangen,2,likely_variant,,,
Colbergermunde,2,likely_variant,,,
"Parrsborough, N.S.",2,likely_variant,,,
Waija,2,likely_variant,,,
Johannesvik,2,likely_variant,,,
Areachon,2,likely_variant,,,
"Beaufort, S.C.",2,likely_variant,,,
Egersund,2,likely_variant,,,
"St. Mary's, Georgia",2,likely_variant,,,
Baddeck,2,likely_variant,,,
Hennebout,2,likely_variant,,,
Skutvik,2,likely_variant,,,
Tornes,2,likely_variant,,,
Alvik,2,likely_variant,,,
Eloby,2,likely_variant,,,
Eatonville,2,likely_variant,,,
"Sheet Harbour, N.B.",2,likely_variant,,,
Zaza,2,likely_variant,,,
Halmestrand,2,likely_variant,,,
Caramenal,2,likely_variant,,,
"Brunswick, Georgia",2,likely_variant,,,
Le'que,2,likely_variant,,,
Legue,2,likely_variant,,,
Antigua,2,likely_variant,,,
Launay,2,likely_variant,,,
Canarinas,2,likely_variant,,,
Cabenda,2,likely_variant,,,
Portsal,2,likely_variant,,,
Katthammaravik,2,likely_variant,,,
Trehiguer,2,likely_variant,,,
"Joggins, N.S.",2,likely_variant,,,
St. Petersburg Town,2,likely_variant,,,
Stocks,2,likely_variant,,,
Framnas,2,likely_variant,,,
Boston and Halifax,2,likely_variant,,,
Minititlan,2,likely_variant,,,
Kaurnussaari,2,likely_variant,,,
Katthammarsvik,2,likely_variant,,,
Grand Palios,2,likely_variant,,,
Sundarne,2,likely_variant,,,
St. Vaast,2,likely_variant,,,
Stenkjar,2,likely_variant,,,
Rennes,2,likely_variant,,,
Aux Cayes,2,likely_variant,,,
Syra,2,likely_variant,,,
Bolsta,2,likely_variant,,,
Remers,2,likely_variant,,,
ahead,2,likely_variant,,,
Wolgast,2,likely_variant,,,
Halleta,2,likely_variant,,,
Wifsta,2,likely_variant,,,
Aux,2,likely_variant,,,
Riscer,2,likely_variant,,,
Demarara,2,likely_variant,,,
Droback,2,likely_variant,,,
Beaufort,2,likely_variant,,,
Fredikshald,2,likely_variant,,,
"St. Johns, N.B.",2,likely_variant,,,
Cabarete,2,likely_variant,,,
Marin,2,likely_variant,,,
Asbacks,2,likely_variant,,,
Throndjem,2,likely_variant,,,
Roscoff,2,likely_variant,,,
Fredriksbald,2,likely_variant,,,
Swinemunde,2,likely_variant,,,
Pierreville and Quebec,2,likely_variant,,,
"Alma, N.B.",2,likely_variant,,,
Pont Neuf,2,likely_variant,,,
"Liverpool, N.S.",2,likely_variant,,,
Port Hill,2,likely_variant,,,
Granville,2,likely_variant,,,
Dronthiem,2,likely_variant,,,
Orleans,2,likely_variant,,,
Darklkahn,2,likely_variant,,,
Fredrikshamm,2,likely_variant,,,
"Bangor, U.S.",2,likely_variant,,,
Anna,2,likely_variant,,,
"New Richmond, N.B.",2,likely_variant,,,
Geschwister,2,likely_variant,,,
"Portland, U.S.A.",2,likely_variant,,,
'Hambro',2,likely_variant,,,
Sandifjord,2,likely_variant,,,
Almeria,2,likely_variant,,,
and,2,likely_variant,,,
Presto,2,likely_variant,,,
Guysboro',2,likely_variant,,,
Hakala,2,likely_variant,,,
Caraminas,2,likely_variant,,,
Dramn,2,likely_variant,,,
Levo,2,likely_variant,,,
Anga,2,likely_variant,,,
Alloa,2,likely_variant,,,
Por,2,likely_variant,,,
Mculmein,2,likely_variant,,,
BayVerte,2,likely_variant,,,
"Picton, N.S.",2,likely_variant,,,
Horsens,2,likely_variant,,,
Monsteraas,2,likely_variant,,,
Fischer,2,likely_variant,,,
-Riga,2,likely_variant,,,
Passages,2,likely_variant,,,
Kragerroe,2,likely_variant,,,
Hofvid,2,likely_variant,,,
"Hillbrough, N.S.",2,likely_variant,,,
Archachon,2,likely_variant,,,
Orient,2,likely_variant,,,
Klintsham,2,likely_variant,,,
Asunder,2,likely_variant,,,
Eriksdal,2,likely_variant,,,
Dramman,2,likely_variant,,,
Henneboat,2,likely_variant,,,
Throndhjem,2,likely_variant,,,
Loient,2,likely_variant,,,
"Bathurst, Gulf of St. Lawrence",2,likely_variant,,,
Le Tremblade,2,likely_variant,,,
Oreground,2,likely_variant,,,
Grundvik,2,likely_variant,,,
Bio,2,likely_variant,,,
Panama,2,likely_variant,,,
Hafendamm,2,likely_variant,,,
Lu'ea,2,likely_variant,,,
Nortelge,2,likely_variant,,,
Marstrand,2,likely_variant,,,
Maja,2,likely_variant,,,
Boroka,2,likely_variant,,,
Cagliari,2,likely_variant,,,
Bergquara,2,likely_variant,,,
Filtvedt,2,likely_variant,,,
Kohlboda,2,likely_variant,,,
Curacoa,2,likely_variant,,,
Foxe,2,likely_variant,,,
Norfolk and Newport News,2,likely_variant,,,
"Pictou, N.B.",2,likely_variant,,,
Fredrikvoern,2,likely_variant,,,
Puebla del Caraminal,2,likely_variant,,,
Axmarby,2,likely_variant,,,
Luvia,2,likely_variant,,,
Liban,2,likely_variant,,,
Drangsund,2,likely_variant,,,
Boncan,2,likely_variant,,,
Mayaguez,2,likely_variant,,,
Hofund,2,likely_variant,,,
Sapilo,2,likely_variant,,,
Lofvik,2,likely_variant,,,
Kotja,2,likely_variant,,,
Pernovik,2,likely_variant,,,
Russia,2,likely_variant,,,
Risby,2,likely_variant,,,
Repola,2,likely_variant,,,
"Axim, W.C. Africa",2,likely_variant,,,
Nouvelle,2,likely_variant,,,
Exploits Bay,2,likely_variant,,,
"Cutting, Ground",2,likely_variant,,,
Hernebont,2,likely_variant,,,
"Norfolk, VA.",2,likely_variant,,,
Tromblade,2,likely_variant,,,
Westervick,2,likely_variant,,,
Jacksonville,2,likely_variant,,,
"Sapelo, Ga",2,likely_variant,,,
"Hopewell Cape, N.B.",2,likely_variant,,,
Namso,2,likely_variant,,,
Cristinestad,2,likely_variant,,,
"Sapelo, Ga.",2,likely_variant,,,
Onkedalsorn,1,ambiguous_low_freq,,,
Zanzibar,1,ambiguous_low_freq,,,
Papenberg,1,ambiguous_low_freq,,,
Olofsford,1,ambiguous_low_freq,,,
River Saguenay,1,ambiguous_low_freq,,,
Kothka,1,ambiguous_low_freq,,,
Esborg,1,ambiguous_low_freq,,,
Corfu,1,ambiguous_low_freq,,,
Bolderaa,1,ambiguous_low_freq,,,
John,1,ambiguous_low_freq,,,
Gallsta,1,ambiguous_low_freq,,,
Dohlkarsla,1,ambiguous_low_freq,,,
Lower Lauenburg,1,ambiguous_low_freq,,,
Port Saunders,1,ambiguous_low_freq,,,
Skonwick,1,ambiguous_low_freq,,,
Carlisle Bay,1,ambiguous_low_freq,,,
Windsor,1,ambiguous_low_freq,,,
Kungshamn,1,ambiguous_low_freq,,,
Mabon,1,ambiguous_low_freq,,,
Lepreux,1,ambiguous_low_freq,,,
Soraka,1,ambiguous_low_freq,,,
Kungsbacka,1,ambiguous_low_freq,,,
Grand Bay,1,ambiguous_low_freq,,,
Narrkoping,1,ambiguous_low_freq,,,
Hernefors,1,ambiguous_low_freq,,,
Sunds Bolog,1,ambiguous_low_freq,,,
Milk River,1,ambiguous_low_freq,,,
Whyncomah,1,ambiguous_low_freq,,,
Paris,1,ambiguous_low_freq,,,
Smyrna,1,ambiguous_low_freq,,,
teak,1,ambiguous_low_freq,,,
Wanks River,1,ambiguous_low_freq,,,
Batavia,1,ambiguous_low_freq,,,
Mogensen,1,ambiguous_low_freq,,,
Dobay,1,ambiguous_low_freq,,,
Mahone Bay,1,ambiguous_low_freq,,,
Newburgh,1,ambiguous_low_freq,,,
Ranmo,1,ambiguous_low_freq,,,
Aruskjoldvick,1,ambiguous_low_freq,,,
Bureo,1,ambiguous_low_freq,,,
Vitea,1,ambiguous_low_freq,,,
Nyburg,1,ambiguous_low_freq,,,
Flekkiefiord,1,ambiguous_low_freq,,,
Laguno,1,ambiguous_low_freq,,,
Boutouche,1,ambiguous_low_freq,,,
Arehangel,1,ambiguous_low_freq,,,
City of Son,1,ambiguous_low_freq,,,
Sourabaya,1,ambiguous_low_freq,,,
Sandeflord,1,ambiguous_low_freq,,,
Delfshaven,1,ambiguous_low_freq,,,
Champion Bay,1,ambiguous_low_freq,,,
Vamsos,1,ambiguous_low_freq,,,
Troon,1,ambiguous_low_freq,,,
Christine,1,ambiguous_low_freq,,,
Hantsport,1,ambiguous_low_freq,,,
Westawaif,1,ambiguous_low_freq,,,
Pontorson,1,ambiguous_low_freq,,,
Alufors,1,ambiguous_low_freq,,,
Skepfovik,1,ambiguous_low_freq,,,
Levarger,1,ambiguous_low_freq,,,
Bjneborg,1,ambiguous_low_freq,,,
Borgo,1,ambiguous_low_freq,,,
lathwood,1,ambiguous_low_freq,,,
Salsburg,1,ambiguous_low_freq,,,
Santander,1,ambiguous_low_freq,,,
Saltock,1,ambiguous_low_freq,,,
Ferdinandina,1,ambiguous_low_freq,,,
Hoenash,1,ambiguous_low_freq,,,
Frederikshall,1,ambiguous_low_freq,,,
Kimouski,1,ambiguous_low_freq,,,
Russoar,1,ambiguous_low_freq,,,
Rika,1,ambiguous_low_freq,,,
Robertshor,1,ambiguous_low_freq,,,
Niedercallix,1,ambiguous_low_freq,,,
Kopmanholman,1,ambiguous_low_freq,,,
Sundabolay,1,ambiguous_low_freq,,,
Reonneby,1,ambiguous_low_freq,,,
Draget,1,ambiguous_low_freq,,,
Port Glasgow,1,ambiguous_low_freq,,,
Sunnas,1,ambiguous_low_freq,,,
Pearl River,1,ambiguous_low_freq,,,
Sandioford,1,ambiguous_low_freq,,,
Herre,1,ambiguous_low_freq,,,
Oxarhaven,1,ambiguous_low_freq,,,
Dobery,1,ambiguous_low_freq,,,
Nossi Be,1,ambiguous_low_freq,,,
Fort Cortes,1,ambiguous_low_freq,,,
Vesta,1,ambiguous_low_freq,,,
Wava,1,ambiguous_low_freq,,,
Cimbritshamn,1,ambiguous_low_freq,,,
Sjune,1,ambiguous_low_freq,,,
Mass,1,ambiguous_low_freq,,,
Mose,1,ambiguous_low_freq,,,
Katka,1,ambiguous_low_freq,,,
Sandssund,1,ambiguous_low_freq,,,
Nyrvik,1,ambiguous_low_freq,,,
Petea,1,ambiguous_low_freq,,,
Ostrana,1,ambiguous_low_freq,,,
Vegesack,1,ambiguous_low_freq,,,
Ornskolksvik,1,ambiguous_low_freq,,,
Ruchee,1,ambiguous_low_freq,,,
Njvik,1,ambiguous_low_freq,,,
deals,1,ambiguous_low_freq,,,
Asbacker,1,ambiguous_low_freq,,,
Forsly Ham,1,ambiguous_low_freq,,,
Drebak,1,ambiguous_low_freq,,,
Milsamvig,1,ambiguous_low_freq,,,
Ulindaw,1,ambiguous_low_freq,,,
Lauivg,1,ambiguous_low_freq,,,
Nassau Tonala,1,ambiguous_low_freq,,,
Tignish,1,ambiguous_low_freq,,,
Curagoa,1,ambiguous_low_freq,,,
Tapilco,1,ambiguous_low_freq,,,
Lagunade,1,ambiguous_low_freq,,,
Matawa,1,ambiguous_low_freq,,,
East Port,1,ambiguous_low_freq,,,
Three Islands,1,ambiguous_low_freq,,,
Rio Hacha,1,ambiguous_low_freq,,,
Joannesund,1,ambiguous_low_freq,,,
Laurrig,1,ambiguous_low_freq,,,
Stege,1,ambiguous_low_freq,,,
Risier,1,ambiguous_low_freq,,,
Wefsel,1,ambiguous_low_freq,,,
Frangsound,1,ambiguous_low_freq,,,
Cronstudt,1,ambiguous_low_freq,,,
Windaw,1,ambiguous_low_freq,,,
Orendal,1,ambiguous_low_freq,,,
Klasviken,1,ambiguous_low_freq,,,
Vefser,1,ambiguous_low_freq,,,
Wardoe,1,ambiguous_low_freq,,,
Frederiksen,1,ambiguous_low_freq,,,
Sundsvoern,1,ambiguous_low_freq,,,
Vardo,1,ambiguous_low_freq,,,
Sandefurd,1,ambiguous_low_freq,,,
Christianstadt,1,ambiguous_low_freq,,,
Wisbey,1,ambiguous_low_freq,,,
Biornebora,1,ambiguous_low_freq,,,
Oscar,1,ambiguous_low_freq,,,
Middlepart,1,ambiguous_low_freq,,,
"driving streams upon which this market depends are still very discouraging as to the probabilities of getting the logs. The prospects of the Menominee and other streams tributary to Green Bay, are really not so encouraging as a few weeks ago, as logs on the first",1,ambiguous_low_freq,,,
Satilla,1,ambiguous_low_freq,,,
Bisor,1,ambiguous_low_freq,,,
Tiansand,1,ambiguous_low_freq,,,
Milsemvig,1,ambiguous_low_freq,,,
Sandiefurd,1,ambiguous_low_freq,,,
Luhe,1,ambiguous_low_freq,,,
Uddowalla,1,ambiguous_low_freq,,,
Table Bay,1,ambiguous_low_freq,,,
Attona,1,ambiguous_low_freq,,,
Velsen,1,ambiguous_low_freq,,,
Aleyn,1,ambiguous_low_freq,,,
Halix,1,ambiguous_low_freq,,,
Borde,1,ambiguous_low_freq,,,
Gothenburg and Cronstadt,1,ambiguous_low_freq,,,
Bordeaux via London,1,ambiguous_low_freq,,,
Flekkifiord,1,ambiguous_low_freq,,,
pitwood,1,ambiguous_low_freq,,,
You-ford,1,ambiguous_low_freq,,,
Bidon,1,ambiguous_low_freq,,,
timber,1,ambiguous_low_freq,,,
Toreforg,1,ambiguous_low_freq,,,
oak staves,1,ambiguous_low_freq,,,
Parrshow,1,ambiguous_low_freq,,,
Sauris,1,ambiguous_low_freq,,,
Bawik,1,ambiguous_low_freq,,,
Bordeaux vid London,1,ambiguous_low_freq,,,
Caneron,1,ambiguous_low_freq,,,
Bayvert,1,ambiguous_low_freq,,,
Salvesen & Co,1,ambiguous_low_freq,,,
Ornskoldsvit,1,ambiguous_low_freq,,,
Hansta,1,ambiguous_low_freq,,,
Bideford,1,ambiguous_low_freq,,,
Brest pitwood,1,ambiguous_low_freq,,,
Bath,1,ambiguous_low_freq,,,
Calileo,1,ambiguous_low_freq,,,
Saffi,1,ambiguous_low_freq,,,
Three Sisters,1,ambiguous_low_freq,,,
Balnarte,1,ambiguous_low_freq,,,
Port Cortes,1,ambiguous_low_freq,,,
Bassein,1,ambiguous_low_freq,,,
Hudicksvall,1,ambiguous_low_freq,,,
Frederikshaldt,1,ambiguous_low_freq,,,
Nyvic,1,ambiguous_low_freq,,,
Shulu,1,ambiguous_low_freq,,,
New Carlisle,1,ambiguous_low_freq,,,
British Columbia,1,ambiguous_low_freq,,,
Hyvik,1,ambiguous_low_freq,,,
Orkidulsken,1,ambiguous_low_freq,,,
Aberdeen,1,ambiguous_low_freq,,,
Nytorp,1,ambiguous_low_freq,,,
Rambak,1,ambiguous_low_freq,,,
Newry,1,ambiguous_low_freq,,,
Hulst,1,ambiguous_low_freq,,,
Cumberland Basin,1,ambiguous_low_freq,,,
Matanzas,1,ambiguous_low_freq,,,
Bjorn-borg,1,ambiguous_low_freq,,,
Tredestrand,1,ambiguous_low_freq,,,
Drangsoud,1,ambiguous_low_freq,,,
Ar-ndal,1,ambiguous_low_freq,,,
Kersvik,1,ambiguous_low_freq,,,
Cunbushamn,1,ambiguous_low_freq,,,
Helmstadt,1,ambiguous_low_freq,,,
Bennetts & Co,1,ambiguous_low_freq,,,
Dort,1,ambiguous_low_freq,,,
Soladstrom,1,ambiguous_low_freq,,,
Adler,1,ambiguous_low_freq,,,
Bloody Bay,1,ambiguous_low_freq,,,
Charlotte Town P,1,ambiguous_low_freq,,,
Maccaw,1,ambiguous_low_freq,,,
Yallahs,1,ambiguous_low_freq,,,
Campechi,1,ambiguous_low_freq,,,
Klintehamn,1,ambiguous_low_freq,,,
Inverness,1,ambiguous_low_freq,,,
Hayle,1,ambiguous_low_freq,,,
Ogmore Co,1,ambiguous_low_freq,,,
Vardoe,1,ambiguous_low_freq,,,
"St. George, N.B.",1,ambiguous_low_freq,,,
Soraki,1,ambiguous_low_freq,,,
F'dericksvoern,1,ambiguous_low_freq,,,
Arno Ansag,1,ambiguous_low_freq,,,
F'stad.,1,ambiguous_low_freq,,,
"Shulee, N.S.",1,ambiguous_low_freq,,,
Away,1,ambiguous_low_freq,,,
Stutshoda,1,ambiguous_low_freq,,,
Nadoscha,1,ambiguous_low_freq,,,
Fogelvik,1,ambiguous_low_freq,,,
Huddickwall,1,ambiguous_low_freq,,,
Sach Kallan,1,ambiguous_low_freq,,,
Carany,1,ambiguous_low_freq,,,
Archangl.,1,ambiguous_low_freq,,,
Riv. Plate,1,ambiguous_low_freq,,,
"Cocaigne, N.B.",1,ambiguous_low_freq,,,
Serpa,1,ambiguous_low_freq,,,
Balto,1,ambiguous_low_freq,,,
Bordx.,1,ambiguous_low_freq,,,
V'garcia,1,ambiguous_low_freq,,,
Bannesund,1,ambiguous_low_freq,,,
Xiana,1,ambiguous_low_freq,,,
Bjornstorm,1,ambiguous_low_freq,,,
Utanigo,1,ambiguous_low_freq,,,
Bjornemann,1,ambiguous_low_freq,,,
Holsta,1,ambiguous_low_freq,,,
Stockvick,1,ambiguous_low_freq,,,
Galeatacka,1,ambiguous_low_freq,,,
Torneadal,1,ambiguous_low_freq,,,
Karhula,1,ambiguous_low_freq,,,
Manzanilla,1,ambiguous_low_freq,,,
Udewalla,1,ambiguous_low_freq,,,
Gamlastadt,1,ambiguous_low_freq,,,
Ytlersfors,1,ambiguous_low_freq,,,
Vancouver I.,1,ambiguous_low_freq,,,
Chicontima,1,ambiguous_low_freq,,,
Scholocklea,1,ambiguous_low_freq,,,
F' stad,1,ambiguous_low_freq,,,
White Sea,1,ambiguous_low_freq,,,
St. Cyprian,1,ambiguous_low_freq,,,
Penascola,1,ambiguous_low_freq,,,
Ornskavik,1,ambiguous_low_freq,,,
Gothenb'g,1,ambiguous_low_freq,,,
Forsabyham,1,ambiguous_low_freq,,,
Kylom,1,ambiguous_low_freq,,,
Harne,1,ambiguous_low_freq,,,
Dronning,1,ambiguous_low_freq,,,
Ruthula,1,ambiguous_low_freq,,,
Dame d'Esperance,1,ambiguous_low_freq,,,
Gedeabuella,1,ambiguous_low_freq,,,
Esurken,1,ambiguous_low_freq,,,
"Shemogue, N.B.,",1,ambiguous_low_freq,,,
"Oak Bay, N.B.,",1,ambiguous_low_freq,,,
E. Pascagoula,1,ambiguous_low_freq,,,
Frederiksvorn,1,ambiguous_low_freq,,,
Svenesund,1,ambiguous_low_freq,,,
Fowstkage,1,ambiguous_low_freq,,,
Clare Castle,1,ambiguous_low_freq,,,
Ahlators,1,ambiguous_low_freq,,,
Schippswick,1,ambiguous_low_freq,,,
Christina,1,ambiguous_low_freq,,,
Louise,1,ambiguous_low_freq,,,
Peter and Paul,1,ambiguous_low_freq,,,
Rafsa,1,ambiguous_low_freq,,,
H'bont,1,ambiguous_low_freq,,,
Clare,1,ambiguous_low_freq,,,
Belle Isle,1,ambiguous_low_freq,,,
X'sand,1,ambiguous_low_freq,,,
G'stadt,1,ambiguous_low_freq,,,
Areudal,1,ambiguous_low_freq,,,
Treaniskow,1,ambiguous_low_freq,,,
Coastwise,1,ambiguous_low_freq,,,
Fahrsund,1,ambiguous_low_freq,,,
Bergrara,1,ambiguous_low_freq,,,
Comarina,1,ambiguous_low_freq,,,
Lymington,1,ambiguous_low_freq,,,
Brunchausen,1,ambiguous_low_freq,,,
Go'burg,1,ambiguous_low_freq,,,
F'drikstvoern,1,ambiguous_low_freq,,,
F'driksvoern,1,ambiguous_low_freq,,,
F'dksvoern,1,ambiguous_low_freq,,,
G'brg,1,ambiguous_low_freq,,,
Pont Aven,1,ambiguous_low_freq,,,
Gotterburg,1,ambiguous_low_freq,,,
Pernaw,1,ambiguous_low_freq,,,
Solstastrom,1,ambiguous_low_freq,,,
Timmernabbem,1,ambiguous_low_freq,,,
B'torpshamn,1,ambiguous_low_freq,,,
Stutsboda,1,ambiguous_low_freq,,,
Colbjornsen,1,ambiguous_low_freq,,,
Frederiksham,1,ambiguous_low_freq,,,
Oskarn,1,ambiguous_low_freq,,,
Laurvigen,1,ambiguous_low_freq,,,
Swante,1,ambiguous_low_freq,,,
Arend,1,ambiguous_low_freq,,,
Bannow,1,ambiguous_low_freq,,,
Domejo,1,ambiguous_low_freq,,,
Hudiksval,1,ambiguous_low_freq,,,
Langronna,1,ambiguous_low_freq,,,
Dungarvon,1,ambiguous_low_freq,,,
Vigo,1,ambiguous_low_freq,,,
Held,1,ambiguous_low_freq,,,
"Tidnish, N.S.",1,ambiguous_low_freq,,,
Lorkno,1,ambiguous_low_freq,,,
Botornshamn,1,ambiguous_low_freq,,,
St. Mary,1,ambiguous_low_freq,,,
Esperanza,1,ambiguous_low_freq,,,
Leontine,1,ambiguous_low_freq,,,
Johan,1,ambiguous_low_freq,,,
Raumea,1,ambiguous_low_freq,,,
Skeppevik,1,ambiguous_low_freq,,,
Skippevik,1,ambiguous_low_freq,,,
Kallio,1,ambiguous_low_freq,,,
P. E I.,1,ambiguous_low_freq,,,
Puerta Cortes,1,ambiguous_low_freq,,,
"Annapolis, N.S.",1,ambiguous_low_freq,,,
Trontero,1,ambiguous_low_freq,,,
Dahlkarlsa,1,ambiguous_low_freq,,,
"Norfolk, N.S.",1,ambiguous_low_freq,,,
Stockssag,1,ambiguous_low_freq,,,
Kiga,1,ambiguous_low_freq,,,
Kioja,1,ambiguous_low_freq,,,
Solsatsen,1,ambiguous_low_freq,,,
Molde,1,ambiguous_low_freq,,,
Lockne,1,ambiguous_low_freq,,,
Stockvig,1,ambiguous_low_freq,,,
higa,1,ambiguous_low_freq,,,
Grainsland,1,ambiguous_low_freq,,,
Stoess,1,ambiguous_low_freq,,,
Ornswall,1,ambiguous_low_freq,,,
Storka,1,ambiguous_low_freq,,,
Castropol,1,ambiguous_low_freq,,,
Dwarf,1,ambiguous_low_freq,,,
Mona's Isle,1,ambiguous_low_freq,,,
T. W. Allen,1,ambiguous_low_freq,,,
Alfred,1,ambiguous_low_freq,,,
Margarethe,1,ambiguous_low_freq,,,
Fridrikstadt,1,ambiguous_low_freq,,,
"Auckland, N.Z.",1,ambiguous_low_freq,,,
Canterbury,1,ambiguous_low_freq,,,
Bersiamitz,1,ambiguous_low_freq,,,
Melchers,1,ambiguous_low_freq,,,
Torre del Greco,1,ambiguous_low_freq,,,
Sheliac,1,ambiguous_low_freq,,,
Quega,1,ambiguous_low_freq,,,
Carde,1,ambiguous_low_freq,,,
Jamacia,1,ambiguous_low_freq,,,
Tracadie,1,ambiguous_low_freq,,,
Itiga,1,ambiguous_low_freq,,,
Goth,1,ambiguous_low_freq,,,
Melbu,1,ambiguous_low_freq,,,
"Pascagoula, N.S.",1,ambiguous_low_freq,,,
"Bay de Verte, N.B.",1,ambiguous_low_freq,,,
Parabobo,1,ambiguous_low_freq,,,
Turkey,1,ambiguous_low_freq,,,
Porto Plata,1,ambiguous_low_freq,,,
Green Island,1,ambiguous_low_freq,,,
Ceara,1,ambiguous_low_freq,,,
Tangror,1,ambiguous_low_freq,,,
Bolsiamitz,1,ambiguous_low_freq,,,
Mesen,1,ambiguous_low_freq,,,
"Musquash, N. B.",1,ambiguous_low_freq,,,
City of Domingo,1,ambiguous_low_freq,,,
San Pedro,1,ambiguous_low_freq,,,
Gudingen,1,ambiguous_low_freq,,,
Salstrom,1,ambiguous_low_freq,,,
Madsen,1,ambiguous_low_freq,,,
Gebens,1,ambiguous_low_freq,,,
Huelva,1,ambiguous_low_freq,,,
Legne,1,ambiguous_low_freq,,,
Cameret,1,ambiguous_low_freq,,,
Baronne,1,ambiguous_low_freq,,,
Puerto Cabello,1,ambiguous_low_freq,,,
"Cornwallis, N.S.",1,ambiguous_low_freq,,,
"Fort Royal, U.S.A.",1,ambiguous_low_freq,,,
und,1,ambiguous_low_freq,,,
Corronne,1,ambiguous_low_freq,,,
W.C.Africa,1,ambiguous_low_freq,,,
"Moncton, N.B.",1,ambiguous_low_freq,,,
"Coatzcoalcos, Mexico",1,ambiguous_low_freq,,,
"Charlottetown, P E.I.",1,ambiguous_low_freq,,,
Fuen,1,ambiguous_low_freq,,,
Swinesund,1,ambiguous_low_freq,,,
Bjornberg,1,ambiguous_low_freq,,,
Satilla River,1,ambiguous_low_freq,,,
Wisner,1,ambiguous_low_freq,,,
Greytown,1,ambiguous_low_freq,,,
Lules,1,ambiguous_low_freq,,,
Carrol,1,ambiguous_low_freq,,,
kar,1,ambiguous_low_freq,,,
"Tatamagouche, N.B.",1,ambiguous_low_freq,,,
Steel Harbour,1,ambiguous_low_freq,,,
Fr. Laxa,1,ambiguous_low_freq,,,
St. George's,1,ambiguous_low_freq,,,
Baraharia,1,ambiguous_low_freq,,,
Josephine,1,ambiguous_low_freq,,,
Ruetouche,1,ambiguous_low_freq,,,
Domjo,1,ambiguous_low_freq,,,
Moller,1,ambiguous_low_freq,,,
Londorgroen,1,ambiguous_low_freq,,,
Dantric,1,ambiguous_low_freq,,,
Ipswich,1,ambiguous_low_freq,,,
St. Clair,1,ambiguous_low_freq,,,
Parell,1,ambiguous_low_freq,,,
"props, birr",1,ambiguous_low_freq,,,
Herr,1,ambiguous_low_freq,,,
Miramichi York,1,ambiguous_low_freq,,,
Santa Cruz de Cuba,1,ambiguous_low_freq,,,
"Weymouth, N S.",1,ambiguous_low_freq,,,
Santa Cruz del Sur,1,ambiguous_low_freq,,,
Harbour,1,ambiguous_low_freq,,,
"Yarmouth, N.B.",1,ambiguous_low_freq,,,
Ljurne,1,ambiguous_low_freq,,,
Stenviker,1,ambiguous_low_freq,,,
app,1,ambiguous_low_freq,,,
Pierville,1,ambiguous_low_freq,,,
Murray,1,ambiguous_low_freq,,,
Dranklippan,1,ambiguous_low_freq,,,
Borgn,1,ambiguous_low_freq,,,
Sod rhamn,1,ambiguous_low_freq,,,
Fecamp,1,ambiguous_low_freq,,,
Kaumussan,1,ambiguous_low_freq,,,
Frankhald,1,ambiguous_low_freq,,,
Abyu,1,ambiguous_low_freq,,,
Wjsby,1,ambiguous_low_freq,,,
Upsal,1,ambiguous_low_freq,,,
"Five Islands, N.S.",1,ambiguous_low_freq,,,
Lower Kalix,1,ambiguous_low_freq,,,
"Parraboro', N.S.",1,ambiguous_low_freq,,,
Amo,1,ambiguous_low_freq,,,
Strathbogie,1,ambiguous_low_freq,,,
Noskey,1,ambiguous_low_freq,,,
Eggesund,1,ambiguous_low_freq,,,
Elsfleth,1,ambiguous_low_freq,,,
Rounshy,1,ambiguous_low_freq,,,
Lyrgoer,1,ambiguous_low_freq,,,
Landsburg,1,ambiguous_low_freq,,,
Harborg,1,ambiguous_low_freq,,,
Waawa,1,ambiguous_low_freq,,,
Oxford,1,ambiguous_low_freq,,,
St. Jago,1,ambiguous_low_freq,,,
Savona,1,ambiguous_low_freq,,,
Gopaulpore,1,ambiguous_low_freq,,,
Neva,1,ambiguous_low_freq,,,
Fernavik,1,ambiguous_low_freq,,,
Itzehoe,1,ambiguous_low_freq,,,
Fredriksvoarn,1,ambiguous_low_freq,,,
Concarnean,1,ambiguous_low_freq,,,
Tresukstea,1,ambiguous_low_freq,,,
Kurrachee,1,ambiguous_low_freq,,,
France,1,ambiguous_low_freq,,,
Billien,1,ambiguous_low_freq,,,
Penze,1,ambiguous_low_freq,,,
Stettin and Gothenburg,1,ambiguous_low_freq,,,
"Halifax, N.",1,ambiguous_low_freq,,,
Trondjem,1,ambiguous_low_freq,,,
"Gibara, Cuba",1,ambiguous_low_freq,,,
Moum,1,ambiguous_low_freq,,,
Porsgrand,1,ambiguous_low_freq,,,
Anciola,1,ambiguous_low_freq,,,
Lysekvil,1,ambiguous_low_freq,,,
Leroy,1,ambiguous_low_freq,,,
Hosnas,1,ambiguous_low_freq,,,
Margretha,1,ambiguous_low_freq,,,
Red Creek,1,ambiguous_low_freq,,,
Aguste,1,ambiguous_low_freq,,,
Uamarina,1,ambiguous_low_freq,,,
Porgrun,1,ambiguous_low_freq,,,
Prince Edward's Island,1,ambiguous_low_freq,,,
Vinje,1,ambiguous_low_freq,,,
Monsquodoboit,1,ambiguous_low_freq,,,
Ancona,1,ambiguous_low_freq,,,
Cherril,1,ambiguous_low_freq,,,
City St. Domingo,1,ambiguous_low_freq,,,
Mazatlan,1,ambiguous_low_freq,,,
"St. Marzonell's Bay, N.S.",1,ambiguous_low_freq,,,
Helsingfors and Kotka,1,ambiguous_low_freq,,,
"Summerside, P.E.I.",1,ambiguous_low_freq,,,
Billiers,1,ambiguous_low_freq,,,
Caramanal,1,ambiguous_low_freq,,,
Gothenburg and Fredrikstad,1,ambiguous_low_freq,,,
"Tignish, P.E.I.",1,ambiguous_low_freq,,,
"Weymouth, U.S.",1,ambiguous_low_freq,,,
Musquodoboit,1,ambiguous_low_freq,,,
Fredericksham,1,ambiguous_low_freq,,,
Enoch,1,ambiguous_low_freq,,,
Kingsgar,1,ambiguous_low_freq,,,
Lang,1,ambiguous_low_freq,,,
Bstaiamitz,1,ambiguous_low_freq,,,
Kingsgarden,1,ambiguous_low_freq,,,
Langoer,1,ambiguous_low_freq,,,
Nvhann,1,ambiguous_low_freq,,,
Klippe,1,ambiguous_low_freq,,,
Hallstavik,1,ambiguous_low_freq,,,
Ballsta,1,ambiguous_low_freq,,,
Cayo,1,ambiguous_low_freq,,,
"Savannah, Georgia",1,ambiguous_low_freq,,,
Johannesnass,1,ambiguous_low_freq,,,
"The finest floors are said to be seen in Russia. For those of the highest grade, tropical woods are exclusively employed. Fir and pine are never used, as in consequence of their sticky character they attract and retain dust and dirt, and thereby soon become blackened. Pitch pine too is liable to shrink, even after being well seasoned. The mosaic wood floors in Russia are of extraordinary beauty. One, in the Summer Palace, is of small squares of ebony inlaid with mother",1,ambiguous_low_freq,,,
Stedumas,1,ambiguous_low_freq,,,
Stromness,1,ambiguous_low_freq,,,
Lugnooh,1,ambiguous_low_freq,,,
Pukakirk,1,ambiguous_low_freq,,,
Coconada,1,ambiguous_low_freq,,,
Plata,1,ambiguous_low_freq,,,
Gotherburg,1,ambiguous_low_freq,,,
Dahlkarls,1,ambiguous_low_freq,,,
Skepps,1,ambiguous_low_freq,,,
Krageoe,1,ambiguous_low_freq,,,
Stockholm and Sundswall,1,ambiguous_low_freq,,,
Faan,1,ambiguous_low_freq,,,
Naaka,1,ambiguous_low_freq,,,
Rockport,1,ambiguous_low_freq,,,
Gidenbacka,1,ambiguous_low_freq,,,
Rio de la Hache,1,ambiguous_low_freq,,,
Emnbodd,1,ambiguous_low_freq,,,
Elsberg,1,ambiguous_low_freq,,,
Rorgqvara,1,ambiguous_low_freq,,,
Adelaide,1,ambiguous_low_freq,,,
Forman,1,ambiguous_low_freq,,,
Tadansoe,1,ambiguous_low_freq,,,
Ralso,1,ambiguous_low_freq,,,
Ardenal,1,ambiguous_low_freq,,,
Dantsic,1,ambiguous_low_freq,,,
Kvlorn,1,ambiguous_low_freq,,,
Aveiro,1,ambiguous_low_freq,,,
Benjamin River,1,ambiguous_low_freq,,,
Hall's Bay,1,ambiguous_low_freq,,,
Murray Harbour,1,ambiguous_low_freq,,,
Botorpshamn,1,ambiguous_low_freq,,,
Pasquet,1,ambiguous_low_freq,,,
Mestis,1,ambiguous_low_freq,,,
Workebaur,1,ambiguous_low_freq,,,
Baur,1,ambiguous_low_freq,,,
"Storung, Gothland",1,ambiguous_low_freq,,,
Sagua,1,ambiguous_low_freq,,,
Higge,1,ambiguous_low_freq,,,
Twillingate,1,ambiguous_low_freq,,,
Oregon,1,ambiguous_low_freq,,,
Apple River,1,ambiguous_low_freq,,,
"Annapolis, N. S.",1,ambiguous_low_freq,,,
"Elohey, W.C. Africa",1,ambiguous_low_freq,,,
Vlaarbingen,1,ambiguous_low_freq,,,
Sederhamn,1,ambiguous_low_freq,,,
Storvig,1,ambiguous_low_freq,,,
Hennel ont,1,ambiguous_low_freq,,,
Duppe,1,ambiguous_low_freq,,,
"Port Royal, W.I.",1,ambiguous_low_freq,,,
Saltholmen,1,ambiguous_low_freq,,,
Jacques River,1,ambiguous_low_freq,,,
Varel,1,ambiguous_low_freq,,,
St. Brie ux,1,ambiguous_low_freq,,,
Qvartvik,1,ambiguous_low_freq,,,
Catterina,1,ambiguous_low_freq,,,
Stoka,1,ambiguous_low_freq,,,
Viria,1,ambiguous_low_freq,,,
Adolph Michel,1,ambiguous_low_freq,,,
Stooka,1,ambiguous_low_freq,,,
"Parrsbro', N.S.",1,ambiguous_low_freq,,,
"Windsor, U.S.",1,ambiguous_low_freq,,,
"Littleton, N.Z.",1,ambiguous_low_freq,,,
"Oak Bay, N.S.",1,ambiguous_low_freq,,,
"Gothenburg, Christinia, and Drammen",1,ambiguous_low_freq,,,
Cocaigne,1,ambiguous_low_freq,,,
"Sheet Harbour, U.S.",1,ambiguous_low_freq,,,
"Caraquet, D.C.",1,ambiguous_low_freq,,,
Sault au,1,ambiguous_low_freq,,,
St. Mary River,1,ambiguous_low_freq,,,
"Rio Hacha, U.S.",1,ambiguous_low_freq,,,
"Cedar Keys, U.S.A.",1,ambiguous_low_freq,,,
La Faon,1,ambiguous_low_freq,,,
"Baddeck, C.B.",1,ambiguous_low_freq,,,
Hussein,1,ambiguous_low_freq,,,
"St. Mary's, N.S.",1,ambiguous_low_freq,,,
Johannadal,1,ambiguous_low_freq,,,
Idefjord,1,ambiguous_low_freq,,,
Wismar,1,ambiguous_low_freq,,,
Preston,1,ambiguous_low_freq,,,
Kannissan,1,ambiguous_low_freq,,,
Fauley,1,ambiguous_low_freq,,,
Fataholm,1,ambiguous_low_freq,,,
Nycarleby,1,ambiguous_low_freq,,,
Ornskoldswik,1,ambiguous_low_freq,,,
Strangon,1,ambiguous_low_freq,,,
"Parrsbro', N.T.",1,ambiguous_low_freq,,,
Batirken,1,ambiguous_low_freq,,,
Klampenburg,1,ambiguous_low_freq,,,
Danovara,1,ambiguous_low_freq,,,
Kungagarden,1,ambiguous_low_freq,,,
Bjorknas,1,ambiguous_low_freq,,,
Kor gaborg,1,ambiguous_low_freq,,,
Fatvik,1,ambiguous_low_freq,,,
Langen,1,ambiguous_low_freq,,,
Frederikahald,1,ambiguous_low_freq,,,
Stranjo,1,ambiguous_low_freq,,,
Koppvik,1,ambiguous_low_freq,,,
Lappmanholmen,1,ambiguous_low_freq,,,
"Pugwash, N.B.",1,ambiguous_low_freq,,,
Kathammaravik,1,ambiguous_low_freq,,,
Carlahamn,1,ambiguous_low_freq,,,
Rofso,1,ambiguous_low_freq,,,
Stenkjaer,1,ambiguous_low_freq,,,
Hill,1,ambiguous_low_freq,,,
Barrow,1,ambiguous_low_freq,,,
Kannissaari,1,ambiguous_low_freq,,,
Arundal,1,ambiguous_low_freq,,,
Sunderstag,1,ambiguous_low_freq,,,
Familie,1,ambiguous_low_freq,,,
Borja,1,ambiguous_low_freq,,,
Dolphin,1,ambiguous_low_freq,,,
Laing,1,ambiguous_low_freq,,,
Rodbertus,1,ambiguous_low_freq,,,
"Hampton, Jamaica",1,ambiguous_low_freq,,,
Snarven,1,ambiguous_low_freq,,,
Reunion,1,ambiguous_low_freq,,,
Augusta,1,ambiguous_low_freq,,,
"Norfolk, Var.",1,ambiguous_low_freq,,,
E. Indies,1,ambiguous_low_freq,,,
Kraeroe,1,ambiguous_low_freq,,,
Rangsound,1,ambiguous_low_freq,,,
Cadiz,1,ambiguous_low_freq,,,
Thompson,1,ambiguous_low_freq,,,
Throndsjem,1,ambiguous_low_freq,,,
"Green Island, Jamaica",1,ambiguous_low_freq,,,
Rio Grande do Sul,1,ambiguous_low_freq,,,
"Savannah, U.S.",1,ambiguous_low_freq,,,
Girl,1,ambiguous_low_freq,,,
Cornelius,1,ambiguous_low_freq,,,
Elburg,1,ambiguous_low_freq,,,
Faekenburg,1,ambiguous_low_freq,,,
Cape Hayti,1,ambiguous_low_freq,,,
Savanilla,1,ambiguous_low_freq,,,
Le Faou,1,ambiguous_low_freq,,,
Girgenti,1,ambiguous_low_freq,,,
New Port,1,ambiguous_low_freq,,,
Svinocr,1,ambiguous_low_freq,,,
Elobey,1,ambiguous_low_freq,,,
Wiswall,1,ambiguous_low_freq,,,
Rodon,1,ambiguous_low_freq,,,
Benie,1,ambiguous_low_freq,,,
Allen,1,ambiguous_low_freq,,,
Ljuene,1,ambiguous_low_freq,,,
Aagaards,1,ambiguous_low_freq,,,
Hartmann,1,ambiguous_low_freq,,,
Fredenstrand,1,ambiguous_low_freq,,,
Urvik,1,ambiguous_low_freq,,,
Holmen,1,ambiguous_low_freq,,,
Karlruhs,1,ambiguous_low_freq,,,
St. Montreal,1,ambiguous_low_freq,,,
Fredriksval,1,ambiguous_low_freq,,,
Binie,1,ambiguous_low_freq,,,
Port Louise,1,ambiguous_low_freq,,,
Svinor,1,ambiguous_low_freq,,,
Porthonis,1,ambiguous_low_freq,,,
Rangers,1,ambiguous_low_freq,,,
Hartvik,1,ambiguous_low_freq,,,
Danzie,1,ambiguous_low_freq,,,
Port of Darien,1,ambiguous_low_freq,,,
Calmo,1,ambiguous_low_freq,,,
Owari,1,ambiguous_low_freq,,,
Kannessauri,1,ambiguous_low_freq,,,
Sorga,1,ambiguous_low_freq,,,
Ornoviken,1,ambiguous_low_freq,,,
Grand Palls,1,ambiguous_low_freq,,,
Grand Pablos,1,ambiguous_low_freq,,,
Cubucto,1,ambiguous_low_freq,,,
Ytterafors,1,ambiguous_low_freq,,,
Hamn,1,ambiguous_low_freq,,,
Franceville,1,ambiguous_low_freq,,,
Calabar,1,ambiguous_low_freq,,,
Tagonrog,1,ambiguous_low_freq,,,
"Port Medway, U.S.",1,ambiguous_low_freq,,,
Champoten,1,ambiguous_low_freq,,,
Burrard's Inlet,1,ambiguous_low_freq,,,
Kon'gsberg,1,ambiguous_low_freq,,,
Vlardingen,1,ambiguous_low_freq,,,
Germany,1,ambiguous_low_freq,,,
"Port Royal, S.E.",1,ambiguous_low_freq,,,
Hollen,1,ambiguous_low_freq,,,
Alderney,1,ambiguous_low_freq,,,
Holm,1,ambiguous_low_freq,,,
Hower,1,ambiguous_low_freq,,,
Caderona,1,ambiguous_low_freq,,,
Aamaes,1,ambiguous_low_freq,,,
Falkenb'g,1,ambiguous_low_freq,,,
Parisienne,1,ambiguous_low_freq,,,
Domsjo and Nordsmalings,1,ambiguous_low_freq,,,
K. Tor,1,ambiguous_low_freq,,,
Bomarsund,1,ambiguous_low_freq,,,
Ulea,1,ambiguous_low_freq,,,
Lilla Warten,1,ambiguous_low_freq,,,
Vances,1,ambiguous_low_freq,,,
Utoo,1,ambiguous_low_freq,,,
"Digby, N.S.",1,ambiguous_low_freq,,,
Stralsund,1,ambiguous_low_freq,,,
"Guysboro,' N.S.",1,ambiguous_low_freq,,,
Botorphshamn,1,ambiguous_low_freq,,,
Frostkorge,1,ambiguous_low_freq,,,
Sandfiord,1,ambiguous_low_freq,,,
Herte,1,ambiguous_low_freq,,,
Nivero,1,ambiguous_low_freq,,,
Emilie,1,ambiguous_low_freq,,,
Essequibo,1,ambiguous_low_freq,,,
Gidenbacha,1,ambiguous_low_freq,,,
Grinsted,1,ambiguous_low_freq,,,
Trenberth,1,ambiguous_low_freq,,,
Carlstad,1,ambiguous_low_freq,,,
Port Medway,1,ambiguous_low_freq,,,
"St. John, N.P.",1,ambiguous_low_freq,,,
Gymer,1,ambiguous_low_freq,,,
N.B.,1,ambiguous_low_freq,,,
Killeviken,1,ambiguous_low_freq,,,
Halifax and Portland,1,ambiguous_low_freq,,,
Hommelvig,1,ambiguous_low_freq,,,
Maramham,1,ambiguous_low_freq,,,
Patoum,1,ambiguous_low_freq,,,
Missouri,1,ambiguous_low_freq,,,
Samarang,1,ambiguous_low_freq,,,
Treffenberg,1,ambiguous_low_freq,,,
Portland Maine,1,ambiguous_low_freq,,,
Karleby,1,ambiguous_low_freq,,,
"Spencer's Island, N.S.",1,ambiguous_low_freq,,,
"Newport, Va.",1,ambiguous_low_freq,,,
Dorkt,1,ambiguous_low_freq,,,
Lyngoor,1,ambiguous_low_freq,,,
San lefjord,1,ambiguous_low_freq,,,
Oploe,1,ambiguous_low_freq,,,
Grangemouth,1,ambiguous_low_freq,,,
"Richmond, Va.",1,ambiguous_low_freq,,,
Leopold,1,ambiguous_low_freq,,,
Dumfries,1,ambiguous_low_freq,,,
Aussig,1,ambiguous_low_freq,,,
Parahyba,1,ambiguous_low_freq,,,
Delfhaven,1,ambiguous_low_freq,,,
Gloucester,1,ambiguous_low_freq,,,
"Herring Neck, N.fld.",1,ambiguous_low_freq,,,
Wycoomagh,1,ambiguous_low_freq,,,
Bjornkas,1,ambiguous_low_freq,,,
Economy Point,1,ambiguous_low_freq,,,
Visero,1,ambiguous_low_freq,,,
"Drysdale, N.B.",1,ambiguous_low_freq,,,
Three Towns,1,ambiguous_low_freq,,,
Borggvara,1,ambiguous_low_freq,,,
Hernhamn,1,ambiguous_low_freq,,,
Woolwich,1,ambiguous_low_freq,,,
Schabk,1,ambiguous_low_freq,,,
Kannissaru,1,ambiguous_low_freq,,,
"Salo, Abo",1,ambiguous_low_freq,,,
Quella,1,ambiguous_low_freq,,,
Sietwende,1,ambiguous_low_freq,,,
Gala,1,ambiguous_low_freq,,,
Lilla Varten,1,ambiguous_low_freq,,,
Broke,1,ambiguous_low_freq,,,
Omsach,1,ambiguous_low_freq,,,
Miramishi,1,ambiguous_low_freq,,,
Now York,1,ambiguous_low_freq,,,
Now Orleans,1,ambiguous_low_freq,,,
Poston,1,ambiguous_low_freq,,,
"Newport News, V.",1,ambiguous_low_freq,,,
Montrose,1,ambiguous_low_freq,,,
"past two o'clock, and at that time the first floor was well alight. Several manuals were promptly on the spot, and all round the building, and it was with such rapidity that in a short time the efforts of the firemen were successful. The shops of Mr. J. H. Ashton, a picture",1,ambiguous_low_freq,,,
O xe osund,1,ambiguous_low_freq,,,
"Ny, Karleby",1,ambiguous_low_freq,,,
Forrsogrund,1,ambiguous_low_freq,,,
Calix,1,ambiguous_low_freq,,,
"Windsor, N.S.",1,ambiguous_low_freq,,,
Frostkage,1,ambiguous_low_freq,,,
Maranham,1,ambiguous_low_freq,,,
Donlin,1,ambiguous_low_freq,,,
Scarsport,1,ambiguous_low_freq,,,
Parrsborough N.S.,1,ambiguous_low_freq,,,
Oronstadt,1,ambiguous_low_freq,,,
Werbeback,1,ambiguous_low_freq,,,
Drng,1,ambiguous_low_freq,,,
Theophile,1,ambiguous_low_freq,,,
Sulina,1,ambiguous_low_freq,,,
Guantanamo,1,ambiguous_low_freq,,,
Derby,1,ambiguous_low_freq,,,
Rockabema,1,ambiguous_low_freq,,,
Aviles,1,ambiguous_low_freq,,,
Drambak,1,ambiguous_low_freq,,,
Falkonberg,1,ambiguous_low_freq,,,
Esvik,1,ambiguous_low_freq,,,
Kopmanhalmon,1,ambiguous_low_freq,,,
"New York, U.S.",1,ambiguous_low_freq,,,
"Cardigan, P.E.I.",1,ambiguous_low_freq,,,
Trimsaran,1,ambiguous_low_freq,,,
Saints,1,ambiguous_low_freq,,,
Kimovski,1,ambiguous_low_freq,,,
Halista,1,ambiguous_low_freq,,,
"St. John's, Newfoundland",1,ambiguous_low_freq,,,
Key West,1,ambiguous_low_freq,,,
Maraham,1,ambiguous_low_freq,,,
Bolax,1,ambiguous_low_freq,,,
Grop,1,ambiguous_low_freq,,,
"Charleston, N.S.",1,ambiguous_low_freq,,,
P.E. Island,1,ambiguous_low_freq,,,
Haab,1,ambiguous_low_freq,,,
"Tapia, Spain",1,ambiguous_low_freq,,,
"Mobile, Ala.",1,ambiguous_low_freq,,,
Gotheaburg,1,ambiguous_low_freq,,,
from Halifax,1,ambiguous_low_freq,,,
Fredrikvaern,1,ambiguous_low_freq,,,
Rugewalde,1,ambiguous_low_freq,,,
Badeck,1,ambiguous_low_freq,,,
Rosetta,1,ambiguous_low_freq,,,
Helmsund,1,ambiguous_low_freq,,,
Housie,1,ambiguous_low_freq,,,
Klampenberg,1,ambiguous_low_freq,,,
Australia,1,ambiguous_low_freq,,,
"Sheliac, N.B.",1,ambiguous_low_freq,,,
Norvik,1,ambiguous_low_freq,,,
Morliax,1,ambiguous_low_freq,,,
Stockholm and Rafso,1,ambiguous_low_freq,,,
Backmann,1,ambiguous_low_freq,,,
"Sheet Harbour, Canada",1,ambiguous_low_freq,,,
Monksund,1,ambiguous_low_freq,,,
Stockholm and Soderhamn,1,ambiguous_low_freq,,,
Ahla,1,ambiguous_low_freq,,,
Fre.irikshald,1,ambiguous_low_freq,,,
Nybamn,1,ambiguous_low_freq,,,
Lervik,1,ambiguous_low_freq,,,
"Sheet Harbour, N. B.",1,ambiguous_low_freq,,,
"Economy, N.B.",1,ambiguous_low_freq,,,
Karenhdel,1,ambiguous_low_freq,,,
"Portland, Oregon",1,ambiguous_low_freq,,,
Princesses,1,ambiguous_low_freq,,,
Nora,1,ambiguous_low_freq,,,
"Port Medway, N.B.",1,ambiguous_low_freq,,,
"Wilson appeared in this case, on Saturday last, in the Queen's Bench Division, before Mr. Justice Cave and Mr. Baron Pollock, on behalf of the defendants, on appeal against an order made by Mr. Justice Field, at Chambers, refusing to allow them to amend the writ in the action by adding the name of one Donald as a co",1,ambiguous_low_freq,,,
Nafso,1,ambiguous_low_freq,,,
Benodet,1,ambiguous_low_freq,,,
Revel,1,ambiguous_low_freq,,,
Sastmola,1,ambiguous_low_freq,,,
"Baltimore, U.S.A.",1,ambiguous_low_freq,,,
Guernsey,1,ambiguous_low_freq,,,
"Newport News, Va",1,ambiguous_low_freq,,,
Fredriksvorn,1,ambiguous_low_freq,,,
"West Bay, U.S.",1,ambiguous_low_freq,,,
Hushgoik,1,ambiguous_low_freq,,,
Arthur,1,ambiguous_low_freq,,,
Orotastadt,1,ambiguous_low_freq,,,
Geila,1,ambiguous_low_freq,,,
Inverleith Windau,1,ambiguous_low_freq,,,
Paquebot de Brest,1,ambiguous_low_freq,,,
New O.leans,1,ambiguous_low_freq,,,
River,1,ambiguous_low_freq,,,
Oromocto,1,ambiguous_low_freq,,,
"Economy, U.S.",1,ambiguous_low_freq,,,
Avonmouth,1,ambiguous_low_freq,,,
Port au,1,ambiguous_low_freq,,,
Franck,1,ambiguous_low_freq,,,
"Bay Verte, Montreal",1,ambiguous_low_freq,,,
Rano,1,ambiguous_low_freq,,,
Horseno,1,ambiguous_low_freq,,,
Hillsborough N.B.,1,ambiguous_low_freq,,,
Neder Kalix and Sweden,1,ambiguous_low_freq,,,
Salvator,1,ambiguous_low_freq,,,
Cochon,1,ambiguous_low_freq,,,
St. Paul's Bay,1,ambiguous_low_freq,,,
Borrga,1,ambiguous_low_freq,,,
"St. John, N.B",1,ambiguous_low_freq,,,
Swarwik,1,ambiguous_low_freq,,,
"Moser River, N.S.",1,ambiguous_low_freq,,,
Torneouen,1,ambiguous_low_freq,,,
Mosane,1,ambiguous_low_freq,,,
Naskee,1,ambiguous_low_freq,,,
Corcarneau,1,ambiguous_low_freq,,,
"Economy Point, Nova Scotia",1,ambiguous_low_freq,,,
Miller,1,ambiguous_low_freq,,,
Mera,1,ambiguous_low_freq,,,
Lefjefjord,1,ambiguous_low_freq,,,
Hernosan,1,ambiguous_low_freq,,,
Hernosand and Stockholm,1,ambiguous_low_freq,,,
Skouvik,1,ambiguous_low_freq,,,
Jule,1,ambiguous_low_freq,,,
Batekarnas,1,ambiguous_low_freq,,,
Salis,1,ambiguous_low_freq,,,
Holsingfors,1,ambiguous_low_freq,,,
Thomas,1,ambiguous_low_freq,,,
Almvik,1,ambiguous_low_freq,,,
Carlberg,1,ambiguous_low_freq,,,
Arenos,1,ambiguous_low_freq,,,
Hjorthammar,1,ambiguous_low_freq,,,
Ronne,1,ambiguous_low_freq,,,
Rilgedahl,1,ambiguous_low_freq,,,
Aaland,1,ambiguous_low_freq,,,
Fiume and Trieste,1,ambiguous_low_freq,,,
Solvetsburg,1,ambiguous_low_freq,,,
Gefle and Sandarne,1,ambiguous_low_freq,,,
Valvig,1,ambiguous_low_freq,,,
Westering,1,ambiguous_low_freq,,,
Sutcliffe,1,ambiguous_low_freq,,,
"Newport News, Va.",1,ambiguous_low_freq,,,
Wiken,1,ambiguous_low_freq,,,
Ahlo,1,ambiguous_low_freq,,,
Solstradstrom,1,ambiguous_low_freq,,,
Treshchow,1,ambiguous_low_freq,,,
Ljughorn,1,ambiguous_low_freq,,,
Petersen,1,ambiguous_low_freq,,,
Atu,1,ambiguous_low_freq,,,
Asbecka,1,ambiguous_low_freq,,,
Bredvik,1,ambiguous_low_freq,,,
Sundawall,1,ambiguous_low_freq,,,
Strommas,1,ambiguous_low_freq,,,
Murphy,1,ambiguous_low_freq,,,
Halax,1,ambiguous_low_freq,,,
Fide,1,ambiguous_low_freq,,,
Pat,1,ambiguous_low_freq,,,
Merlaix,1,ambiguous_low_freq,,,
Bay Chaleur,1,ambiguous_low_freq,,,
"MILL COMPANY, Johnstone Saw",1,ambiguous_low_freq,,,
Spencer Island,1,ambiguous_low_freq,,,
Pikkala,1,ambiguous_low_freq,,,
Mone,1,ambiguous_low_freq,,,
Guttstrom,1,ambiguous_low_freq,,,
Rosa,1,ambiguous_low_freq,,,
C. Helsingfors,1,ambiguous_low_freq,,,
Wergeland,1,ambiguous_low_freq,,,
Fordeux,1,ambiguous_low_freq,,,
Barkivig,1,ambiguous_low_freq,,,
Nastor,1,ambiguous_low_freq,,,
Harnae,1,ambiguous_low_freq,,,
Pont L Abbe,1,ambiguous_low_freq,,,
Lieutenant von Witzleben,1,ambiguous_low_freq,,,
Harnas and Gefle,1,ambiguous_low_freq,,,
Finklipsan,1,ambiguous_low_freq,,,
Vordingborg,1,ambiguous_low_freq,,,
Kaanessari,1,ambiguous_low_freq,,,
Onega and Soroka,1,ambiguous_low_freq,,,
"New Mills, N.B.",1,ambiguous_low_freq,,,
Rorvik,1,ambiguous_low_freq,,,
Bay Verts,1,ambiguous_low_freq,,,
Whycocomah,1,ambiguous_low_freq,,,
"mill work and saving fuel. Its prompt, certain, self",1,ambiguous_low_freq,,,
Rorso,1,ambiguous_low_freq,,,
Hanskalaete,1,ambiguous_low_freq,,,
Otto,1,ambiguous_low_freq,,,
Swansea,1,ambiguous_low_freq,,,
Richibuoto,1,ambiguous_low_freq,,,
West B.,1,ambiguous_low_freq,,,
"Nynamn, Soderhamn",1,ambiguous_low_freq,,,
"Nvhamn, Soderhamn",1,ambiguous_low_freq,,,
"Hillsboro', N.S.",1,ambiguous_low_freq,,,
Koy,1,ambiguous_low_freq,,,
"Economy Point, N.S.",1,ambiguous_low_freq,,,
Hirschberg,1,ambiguous_low_freq,,,
Belle,1,ambiguous_low_freq,,,
Svendborg,1,ambiguous_low_freq,,,
Port Larralde,1,ambiguous_low_freq,,,
Naskaske,1,ambiguous_low_freq,,,
Suudswall,1,ambiguous_low_freq,,,
Poragrund,1,ambiguous_low_freq,,,
Villegrain,1,ambiguous_low_freq,,,
Langangfjord,1,ambiguous_low_freq,,,
Last week several accidents occurred at Mr. Statham's saw,1,ambiguous_low_freq,,,
"five years since it was proved possible to make practical use of wrapping papers from wood, and since then the manufacture of wood",1,ambiguous_low_freq,,,
"Charleston, S.O.",1,ambiguous_low_freq,,,
Oaen,1,ambiguous_low_freq,,,
Beraimis,1,ambiguous_low_freq,,,
"Chatham, N B.",1,ambiguous_low_freq,,,
Harmas,1,ambiguous_low_freq,,,
Morennes,1,ambiguous_low_freq,,,
"Trieste, Fiume",1,ambiguous_low_freq,,,
Halifax and Boston,1,ambiguous_low_freq,,,
Slingso,1,ambiguous_low_freq,,,
St. Annes des Montes,1,ambiguous_low_freq,,,
Rod,1,ambiguous_low_freq,,,
Dahl,1,ambiguous_low_freq,,,
"Brunswick, U.S.",1,ambiguous_low_freq,,,
Ida,1,ambiguous_low_freq,,,
Warborg,1,ambiguous_low_freq,,,
Bonga,1,ambiguous_low_freq,,,
Pontecost,1,ambiguous_low_freq,,,
Pernosand,1,ambiguous_low_freq,,,
Kolboden,1,ambiguous_low_freq,,,
Gaarp,1,ambiguous_low_freq,,,
Ratan,1,ambiguous_low_freq,,,
Marstal,1,ambiguous_low_freq,,,
Haslsta,1,ambiguous_low_freq,,,
past seven o'clock on Saturday evening in the saw,1,ambiguous_low_freq,,,
Stocka and Skelleftea,1,ambiguous_low_freq,,,
Larva,1,ambiguous_low_freq,,,
Nyhaun,1,ambiguous_low_freq,,,
Skuthamn,1,ambiguous_low_freq,,,
Sandoo,1,ambiguous_low_freq,,,
"Port Royal, U.S.",1,ambiguous_low_freq,,,
Parva,1,ambiguous_low_freq,,,
Angorn,1,ambiguous_low_freq,,,
sleepers,1,ambiguous_low_freq,,,
Lauenburg,1,ambiguous_low_freq,,,
Saltkallen,1,ambiguous_low_freq,,,
Breme,1,ambiguous_low_freq,,,
Dansig,1,ambiguous_low_freq,,,
St. Orleans,1,ambiguous_low_freq,,,
Fiano,1,ambiguous_low_freq,,,
Urvoiken,1,ambiguous_low_freq,,,
Kjlorn,1,ambiguous_low_freq,,,
Kjorn,1,ambiguous_low_freq,,,
Kaunessari,1,ambiguous_low_freq,,,
Norrtelge,1,ambiguous_low_freq,,,
Nova Scotia,1,ambiguous_low_freq,,,
Vallagareia,1,ambiguous_low_freq,,,
Covesec,1,ambiguous_low_freq,,,
Rochehon,1,ambiguous_low_freq,,,
Faenerhaur,1,ambiguous_low_freq,,,
Rowntrees,1,ambiguous_low_freq,,,
Pensaco'a,1,ambiguous_low_freq,,,
Riser,1,ambiguous_low_freq,,,
Frey,1,ambiguous_low_freq,,,
Fredrikehald,1,ambiguous_low_freq,,,
Hambeschow,1,ambiguous_low_freq,,,
Ste. Marie,1,ambiguous_low_freq,,,
Jones,1,ambiguous_low_freq,,,
Ringarde,1,ambiguous_low_freq,,,
St.Trojan,1,ambiguous_low_freq,,,
Oscarshamp,1,ambiguous_low_freq,,,
St. Estophe,1,ambiguous_low_freq,,,
Corunra,1,ambiguous_low_freq,,,
Pesta,1,ambiguous_low_freq,,,
"Gold River, N.S.",1,ambiguous_low_freq,,,
Ponsacola,1,ambiguous_low_freq,,,
Sundal,1,ambiguous_low_freq,,,
Bjornvik,1,ambiguous_low_freq,,,
Aastad,1,ambiguous_low_freq,,,
Fritze,1,ambiguous_low_freq,,,
Workoback,1,ambiguous_low_freq,,,
Radon,1,ambiguous_low_freq,,,
qty. staves,1,ambiguous_low_freq,,,
Landswall,1,ambiguous_low_freq,,,
Wifstawarf and Skonvik,1,ambiguous_low_freq,,,
Osoarshamn,1,ambiguous_low_freq,,,
Paimboeuf,1,ambiguous_low_freq,,,
Nersuoes,1,ambiguous_low_freq,,,
from Hernosand,1,ambiguous_low_freq,,,
Largs,1,ambiguous_low_freq,,,
Bjornsund,1,ambiguous_low_freq,,,
Salaro,1,ambiguous_low_freq,,,
Bjorhnas,1,ambiguous_low_freq,,,
St. Peter,1,ambiguous_low_freq,,,
Kannisaari,1,ambiguous_low_freq,,,
St. Trogan,1,ambiguous_low_freq,,,
Sidekaviken,1,ambiguous_low_freq,,,
Anker,1,ambiguous_low_freq,,,
Lorenz,1,ambiguous_low_freq,,,
Carl,1,ambiguous_low_freq,,,
Dragerce,1,ambiguous_low_freq,,,
La Rochefort,1,ambiguous_low_freq,,,
Fredriksund,1,ambiguous_low_freq,,,
Langessund,1,ambiguous_low_freq,,,
Wanerk,1,ambiguous_low_freq,,,
Forresborough,1,ambiguous_low_freq,,,
"St. John, Halifax",1,ambiguous_low_freq,,,
Bjorkna,1,ambiguous_low_freq,,,
Christie,1,ambiguous_low_freq,,,
Hulf,1,ambiguous_low_freq,,,
Boya,1,ambiguous_low_freq,,,
Narvik,1,ambiguous_low_freq,,,
Vadro,1,ambiguous_low_freq,,,
Christiaria,1,ambiguous_low_freq,,,
Tyedestrand,1,ambiguous_low_freq,,,
Ivetofta,1,ambiguous_low_freq,,,
Soderkoping,1,ambiguous_low_freq,,,
Lavia,1,ambiguous_low_freq,,,
Helgenas,1,ambiguous_low_freq,,,
"Parrsboro', N.B.",1,ambiguous_low_freq,,,
Dyno,1,ambiguous_low_freq,,,
Hernosen,1,ambiguous_low_freq,,,
Vallo,1,ambiguous_low_freq,,,
Udbyhoi,1,ambiguous_low_freq,,,
Blaze,1,ambiguous_low_freq,,,
"St, John, N.B.",1,ambiguous_low_freq,,,
Cap Lopez,1,ambiguous_low_freq,,,
Hassvik,1,ambiguous_low_freq,,,
Gothenburg and Warberg,1,ambiguous_low_freq,,,
Kisoer,1,ambiguous_low_freq,,,
Paspebiac,1,ambiguous_low_freq,,,
St. Eugenie,1,ambiguous_low_freq,,,
Hillsboro',1,ambiguous_low_freq,,,
Sourabayo,1,ambiguous_low_freq,,,
Montevideo,1,ambiguous_low_freq,,,
Victoria,1,ambiguous_low_freq,,,
St. Ann's Bay,1,ambiguous_low_freq,,,
Svelarg,1,ambiguous_low_freq,,,
ford,1,ambiguous_low_freq,,,
Palermo,1,ambiguous_low_freq,,,
Pasages,1,ambiguous_low_freq,,,
Bullriver,1,ambiguous_low_freq,,,
Lalaja,1,ambiguous_low_freq,,,
Sandetjord,1,ambiguous_low_freq,,,
Kobe,1,ambiguous_low_freq,,,
Aroachon,1,ambiguous_low_freq,,,
Parlamar,1,ambiguous_low_freq,,,
Hennebon,1,ambiguous_low_freq,,,
Hommebrik,1,ambiguous_low_freq,,,
Chri,1,ambiguous_low_freq,,,
W. C. O. Africa,1,ambiguous_low_freq,,,
Lagos,1,ambiguous_low_freq,,,
Esquimalt,1,ambiguous_low_freq,,,
Belise,1,ambiguous_low_freq,,,
Oran,1,ambiguous_low_freq,,,
"Portland, Ma.",1,ambiguous_low_freq,,,
Tell,1,ambiguous_low_freq,,,
Byxke,1,ambiguous_low_freq,,,
Sundewall,1,ambiguous_low_freq,,,
Uleabo'g,1,ambiguous_low_freq,,,
Malja,1,ambiguous_low_freq,,,
Maija,1,ambiguous_low_freq,,,
Hennebent,1,ambiguous_low_freq,,,
iRga,1,ambiguous_low_freq,,,
Westerik,1,ambiguous_low_freq,,,
Soperhamn,1,ambiguous_low_freq,,,
Tredes'rand,1,ambiguous_low_freq,,,
Nyw York,1,ambiguous_low_freq,,,
Wiscer,1,ambiguous_low_freq,,,
-Wifstawarf,1,ambiguous_low_freq,,,
Abbola,1,ambiguous_low_freq,,,
Gibraltar,1,ambiguous_low_freq,,,
De Brodre,1,ambiguous_low_freq,,,
Norwegian,1,ambiguous_low_freq,,,
Cape Chat,1,ambiguous_low_freq,,,
Monastir,1,ambiguous_low_freq,,,
W.O. Africa,1,ambiguous_low_freq,,,
Halsc,1,ambiguous_low_freq,,,
Maros,1,ambiguous_low_freq,,,
Dragsvik,1,ambiguous_low_freq,,,
Soderhamn nd Iggesund,1,ambiguous_low_freq,,,
Askersund,1,ambiguous_low_freq,,,
Torsfors,1,ambiguous_low_freq,,,
"S. John, N.B.",1,ambiguous_low_freq,,,
Hannah,1,ambiguous_low_freq,,,
Beaver Point,1,ambiguous_low_freq,,,
St. Petersburg and Cronstadt,1,ambiguous_low_freq,,,
Sorel,1,ambiguous_low_freq,,,
La Vera Cruz,1,ambiguous_low_freq,,,
River Plate,1,ambiguous_low_freq,,,
Arohamn,1,ambiguous_low_freq,,,
Pigeholm,1,ambiguous_low_freq,,,
Esacger,1,ambiguous_low_freq,,,
Parr.boro,1,ambiguous_low_freq,,,
Lunde,1,ambiguous_low_freq,,,
Ornekj,1,ambiguous_low_freq,,,
Burso,1,ambiguous_low_freq,,,
Finkklippan,1,ambiguous_low_freq,,,
Grundsvik,1,ambiguous_low_freq,,,
"Harvey, N.B",1,ambiguous_low_freq,,,
Havnefjord,1,ambiguous_low_freq,,,
Parsbro',1,ambiguous_low_freq,,,
"Doboy, U.S.A.",1,ambiguous_low_freq,,,
Galle,1,ambiguous_low_freq,,,
Kongsmo,1,ambiguous_low_freq,,,
Peterlaks,1,ambiguous_low_freq,,,
Torafors,1,ambiguous_low_freq,,,
"MILL, PORT",1,ambiguous_low_freq,,,
Ramso,1,ambiguous_low_freq,,,
Bo deaux,1,ambiguous_low_freq,,,
Oscarsbamn,1,ambiguous_low_freq,,,
et Madeline,1,ambiguous_low_freq,,,
Moss and Holmestrand,1,ambiguous_low_freq,,,
Charles,1,ambiguous_low_freq,,,
Triesto,1,ambiguous_low_freq,,,
tein,1,ambiguous_low_freq,,,
Cobourete,1,ambiguous_low_freq,,,
"Geraldton, W.A.",1,ambiguous_low_freq,,,
Colmar,1,ambiguous_low_freq,,,
L. H. Carl,1,ambiguous_low_freq,,,
hamn,1,ambiguous_low_freq,,,
Oarril,1,ambiguous_low_freq,,,
Puebla de Caraminal,1,ambiguous_low_freq,,,
Anderini,1,ambiguous_low_freq,,,
Fayal,1,ambiguous_low_freq,,,
Svelvik,1,ambiguous_low_freq,,,
Calder,1,ambiguous_low_freq,,,
Dyreberg,1,ambiguous_low_freq,,,
Meta,1,ambiguous_low_freq,,,
Zic,1,ambiguous_low_freq,,,
Crorstadt,1,ambiguous_low_freq,,,
Werkebeck,1,ambiguous_low_freq,,,
Drama,1,ambiguous_low_freq,,,
Belbur,1,ambiguous_low_freq,,,
Frankfort,1,ambiguous_low_freq,,,
St Brieux,1,ambiguous_low_freq,,,
Fran,1,ambiguous_low_freq,,,
"Brunswick, Geo.",1,ambiguous_low_freq,,,
Sodernamn,1,ambiguous_low_freq,,,
Pernambuco,1,ambiguous_low_freq,,,
"Grindestone Island, N.B.",1,ambiguous_low_freq,,,
"Darien, Ga.",1,ambiguous_low_freq,,,
Syske,1,ambiguous_low_freq,,,
Konigsborg,1,ambiguous_low_freq,,,
Kragerce,1,ambiguous_low_freq,,,
Sleipner,1,ambiguous_low_freq,,,
Norfolk News,1,ambiguous_low_freq,,,
Suimper,1,ambiguous_low_freq,,,
Douarnenes,1,ambiguous_low_freq,,,
Royan,1,ambiguous_low_freq,,,
W. C. of Africa,1,ambiguous_low_freq,,,
W. O. of Africa,1,ambiguous_low_freq,,,
Bennett,1,ambiguous_low_freq,,,
Muolsund,1,ambiguous_low_freq,,,
Sapelo Sound,1,ambiguous_low_freq,,,
Newcast'e,1,ambiguous_low_freq,,,
Bergsviken,1,ambiguous_low_freq,,,
Szarson,1,ambiguous_low_freq,,,
Macane,1,ambiguous_low_freq,,,
Svartson,1,ambiguous_low_freq,,,
Cat Island,1,ambiguous_low_freq,,,
Lieutenant von Wetzleten,1,ambiguous_low_freq,,,
Port Audierne,1,ambiguous_low_freq,,,
"St. Simon's, Florida",1,ambiguous_low_freq,,,
Tlacatalpam,1,ambiguous_low_freq,,,
Delftshaven,1,ambiguous_low_freq,,,
Parnham,1,ambiguous_low_freq,,,
Snaeroen,1,ambiguous_low_freq,,,
Barohona,1,ambiguous_low_freq,,,
Biga,1,ambiguous_low_freq,,,
Hillsbro',1,ambiguous_low_freq,,,
town Demerara,1,ambiguous_low_freq,,,
Wood,1,ambiguous_low_freq,,,
Toroes,1,ambiguous_low_freq,,,
Wansvik,1,ambiguous_low_freq,,,
Algiers,1,ambiguous_low_freq,,,
Ca'cutta,1,ambiguous_low_freq,,,
from San Domingo,1,ambiguous_low_freq,,,
Sudroen,1,ambiguous_low_freq,,,
Cheshire,1,ambiguous_low_freq,,,
Jorfed,1,ambiguous_low_freq,,,
Sapuo,1,ambiguous_low_freq,,,
Sundt,1,ambiguous_low_freq,,,
Brabestad and Rafso,1,ambiguous_low_freq,,,
B.ahestadt,1,ambiguous_low_freq,,,
Port Blair,1,ambiguous_low_freq,,,
Anray,1,ambiguous_low_freq,,,
Freijo,1,ambiguous_low_freq,,,
Carnac,1,ambiguous_low_freq,,,
Sapso,1,ambiguous_low_freq,,,
Savernaes,1,ambiguous_low_freq,,,
Framfors,1,ambiguous_low_freq,,,
Marieborg,1,ambiguous_low_freq,,,
Grange,1,ambiguous_low_freq,,,
"We have received from the office, and saw",1,ambiguous_low_freq,,,
Soderkopling,1,ambiguous_low_freq,,,
"West Point, Va.",1,ambiguous_low_freq,,,
"Port Royal, U.S.A.",1,ambiguous_low_freq,,,
Brewers Lagoon,1,ambiguous_low_freq,,,
Botwoodville,1,ambiguous_low_freq,,,
Betsimis,1,ambiguous_low_freq,,,
Elfrego,1,ambiguous_low_freq,,,
Norrvik,1,ambiguous_low_freq,,,
Bernard,1,ambiguous_low_freq,,,
Cap Lopaz,1,ambiguous_low_freq,,,
S. W. Africa,1,ambiguous_low_freq,,,
"Rockingham, W A",1,ambiguous_low_freq,,,
Randers and Fredrikshavn,1,ambiguous_low_freq,,,
Mentz,1,ambiguous_low_freq,,,
"Stugsund, Soderhamn",1,ambiguous_low_freq,,,
Saint Domingo,1,ambiguous_low_freq,,,
Santanter,1,ambiguous_low_freq,,,
Edense,1,ambiguous_low_freq,,,
Gaston,1,ambiguous_low_freq,,,
Cape Haitien,1,ambiguous_low_freq,,,
Fuime,1,ambiguous_low_freq,,,
"Liscomb, N.S.",1,ambiguous_low_freq,,,
Bristol,1,ambiguous_low_freq,,,
Noderkalix,1,ambiguous_low_freq,,,
Sundsvik,1,ambiguous_low_freq,,,
Whitby,1,ambiguous_low_freq,,,
Uraskoldsvik,1,ambiguous_low_freq,,,
Gotheby,1,ambiguous_low_freq,,,
Fredriksta't,1,ambiguous_low_freq,,,
Haliered,1,ambiguous_low_freq,,,
Ny Kopparberg,1,ambiguous_low_freq,,,
Karten,1,ambiguous_low_freq,,,
"Christiania, Laurvig, and Arendal",1,ambiguous_low_freq,,,
Karholm,1,ambiguous_low_freq,,,
Djupviken,1,ambiguous_low_freq,,,
Rendsburg,1,ambiguous_low_freq,,,
"The cargo of pit props ex Martha, from Christiania, reported last week to the Gritton Coal Co., were for Mr. T. Atkinson, of Newcastle",1,ambiguous_low_freq,,,
Wilhelmshaven,1,ambiguous_low_freq,,,
"Parrsborough, N S.",1,ambiguous_low_freq,,,
Kong,1,ambiguous_low_freq,,,
"Halifax, U S",1,ambiguous_low_freq,,,
Boleo,1,ambiguous_low_freq,,,
Las Palmas,1,ambiguous_low_freq,,,
Eliser,1,ambiguous_low_freq,,,
Sundsore,1,ambiguous_low_freq,,,
Arcnangel,1,ambiguous_low_freq,,,
"Alne, Ornskjoldsvik",1,ambiguous_low_freq,,,
Snaroen and Christiania,1,ambiguous_low_freq,,,
"dressing are seen in cases equally or more striking than the evils of denuding the roots of the smallest, portion of soil. It is too often forgotten in top",1,ambiguous_low_freq,,,
Hall,1,ambiguous_low_freq,,,
Olofstors and Gefle,1,ambiguous_low_freq,,,
Cronstadt and Wyborg,1,ambiguous_low_freq,,,
Ostersjon,1,ambiguous_low_freq,,,
Norrsund,1,ambiguous_low_freq,,,
Ambro',1,ambiguous_low_freq,,,
Hawkins,1,ambiguous_low_freq,,,
"St. John, N B",1,ambiguous_low_freq,,,
"St John, N B",1,ambiguous_low_freq,,,
Muhlgraven,1,ambiguous_low_freq,,,
Murray Bay,1,ambiguous_low_freq,,,
twyth,1,ambiguous_low_freq,,,
Chatham N B,1,ambiguous_low_freq,,,
Rask,1,ambiguous_low_freq,,,
Pjelax Kasko,1,ambiguous_low_freq,,,
Frederiksoern,1,ambiguous_low_freq,,,
Sornas Helsingfors,1,ambiguous_low_freq,,,
Tvede,1,ambiguous_low_freq,,,
Montreal via London,1,ambiguous_low_freq,,,
"St John, NB",1,ambiguous_low_freq,,,
Mauritzberg,1,ambiguous_low_freq,,,
"West Bay, N S",1,ambiguous_low_freq,,,
Kaunussari,1,ambiguous_low_freq,,,
Port Laurvig,1,ambiguous_low_freq,,,
Arsachons,1,ambiguous_low_freq,,,
"Fritzoe, Laurvig",1,ambiguous_low_freq,,,
Odense and Fredrikshamn,1,ambiguous_low_freq,,,
Labarette,1,ambiguous_low_freq,,,
Aimee,1,ambiguous_low_freq,,,
Langford,1,ambiguous_low_freq,,,
Odense and Norrkoping,1,ambiguous_low_freq,,,
Onen,1,ambiguous_low_freq,,,
Hadoen,1,ambiguous_low_freq,,,
Bergsund,1,ambiguous_low_freq,,,
Smartvik,1,ambiguous_low_freq,,,
Churchbridge,1,ambiguous_low_freq,,,
Skjoldvik,1,ambiguous_low_freq,,,
St. Alfred,1,ambiguous_low_freq,,,
St. Charles,1,ambiguous_low_freq,,,
Stohka,1,ambiguous_low_freq,,,
Liscomb Harbour,1,ambiguous_low_freq,,,
Bjorko,1,ambiguous_low_freq,,,
Fano,1,ambiguous_low_freq,,,
Rugenwald,1,ambiguous_low_freq,,,
Strand,1,ambiguous_low_freq,,,
Hudikowall,1,ambiguous_low_freq,,,
Porto Rico,1,ambiguous_low_freq,,,
d in their devastating wars. The ay be seen almost all round the sea,1,ambiguous_low_freq,,,
Norrtelje,1,ambiguous_low_freq,,,
Hudikswal',1,ambiguous_low_freq,,,
Verte,1,ambiguous_low_freq,,,
County,1,ambiguous_low_freq,,,
Kemel,1,ambiguous_low_freq,,,
"St. Thomas, Quebec",1,ambiguous_low_freq,,,
CAPE BRETON,1,ambiguous_low_freq,,,
Parrsboroug,1,ambiguous_low_freq,,,
TRUXILLO,1,ambiguous_low_freq,,,
Montreal and Three Rivers,1,ambiguous_low_freq,,,
CRONSTADT,1,ambiguous_low_freq,,,
"west and westerly gales so prevalent in our latitudes, and of the almost universal westerly winds in the North Atlantic, which are, in fact, nothing more than a part of the general system of the reaction of the trades, and of the process which the equilibrium of the earth's motion is maintained under their action. An ordinary observation of trees growing singly, and exposed on a plain or table",1,ambiguous_low_freq,,,
"Chama, W.C. Africa",1,ambiguous_low_freq,,,
Myonus,1,ambiguous_low_freq,,,
Wilalakte,1,ambiguous_low_freq,,,
Cape,1,ambiguous_low_freq,,,
Kingero,1,ambiguous_low_freq,,,
Kasko,1,ambiguous_low_freq,,,
Christinehamn,1,ambiguous_low_freq,,,
Fredrikstrand,1,ambiguous_low_freq,,,
Barrysors,1,ambiguous_low_freq,,,
Malmstadt,1,ambiguous_low_freq,,,
Bergen and Stavanger,1,ambiguous_low_freq,,,
"Axim, W. C. Africa",1,ambiguous_low_freq,,,
Makslahti,1,ambiguous_low_freq,,,
Carisvik,1,ambiguous_low_freq,,,
"Herring Cove, N.S.",1,ambiguous_low_freq,,,
Herring Cove,1,ambiguous_low_freq,,,
Roueie Bernard,1,ambiguous_low_freq,,,
l'Eguille,1,ambiguous_low_freq,,,
Rugeldine,1,ambiguous_low_freq,,,
Lake Wetter,1,ambiguous_low_freq,,,
Janssen,1,ambiguous_low_freq,,,
Rordeaux,1,ambiguous_low_freq,,,
Kallera,1,ambiguous_low_freq,,,
"Alma, N.B",1,ambiguous_low_freq,,,
Marie Windau,1,ambiguous_low_freq,,,
Roche Bernand,1,ambiguous_low_freq,,,
Vanevik,1,ambiguous_low_freq,,,
"Apalachicola, Fla.",1,ambiguous_low_freq,,,
South West Africa,1,ambiguous_low_freq,,,
Port Lannay,1,ambiguous_low_freq,,,
"Barahona, St. Domingo",1,ambiguous_low_freq,,,
Chicontine,1,ambiguous_low_freq,,,
Skutskar and Harnas,1,ambiguous_low_freq,,,
Halmstrand,1,ambiguous_low_freq,,,
"Westbay, N.B.",1,ambiguous_low_freq,,,
Jesfed,1,ambiguous_low_freq,,,
"Cape Tormentine, N.B.",1,ambiguous_low_freq,,,
Bersimis River,1,ambiguous_low_freq,,,
"Santa Ana, Mexico",1,ambiguous_low_freq,,,
Hilbrungsberg,1,ambiguous_low_freq,,,
Drago,1,ambiguous_low_freq,,,
"Portland, Or.",1,ambiguous_low_freq,,,
"Stromfors, Finland",1,ambiguous_low_freq,,,
Nykarbley,1,ambiguous_low_freq,,,
"Charlestown, S.C.",1,ambiguous_low_freq,,,
Sverre,1,ambiguous_low_freq,,,
PUGET SOUND,1,ambiguous_low_freq,,,
Karistad,1,ambiguous_low_freq,,,
Verona,1,ambiguous_low_freq,,,
Kramfors and Nordmaling,1,ambiguous_low_freq,,,
St. Anne des Monts,1,ambiguous_low_freq,,,
Gothik,1,ambiguous_low_freq,,,
Jernen,1,ambiguous_low_freq,,,
Camel,1,ambiguous_low_freq,,,
"Grand Bay, Saguenay",1,ambiguous_low_freq,,,
"Algoa Bay, N.B.",1,ambiguous_low_freq,,,
Linkoping,1,ambiguous_low_freq,,,
Tadousac,1,ambiguous_low_freq,,,
Harfvarfeg,1,ambiguous_low_freq,,,
Brandshamn,1,ambiguous_low_freq,,,
Ulrich,1,ambiguous_low_freq,,,
Elma,1,ambiguous_low_freq,,,
Osbeck,1,ambiguous_low_freq,,,
Medleaks,1,ambiguous_low_freq,,,
Ulfsberg,1,ambiguous_low_freq,,,
Petits Mechins,1,ambiguous_low_freq,,,
Kerni,1,ambiguous_low_freq,,,
Sofia,1,ambiguous_low_freq,,,
L'Eguille,1,ambiguous_low_freq,,,
"Repola, Finland",1,ambiguous_low_freq,,,
"St. John, N.S.",1,ambiguous_low_freq,,,
Grunstad,1,ambiguous_low_freq,,,
Galatola,1,ambiguous_low_freq,,,
"Northport, U.S.",1,ambiguous_low_freq,,,
Batskarnas,1,ambiguous_low_freq,,,
Freyo,1,ambiguous_low_freq,,,
Lilla Wartan,1,ambiguous_low_freq,,,
Kotka and Wyborg,1,ambiguous_low_freq,,,
Rochelle,1,ambiguous_low_freq,,,
La Plata,1,ambiguous_low_freq,,,
Christineatad,1,ambiguous_low_freq,,,
Rovda,1,ambiguous_low_freq,,,
W. Donaldson,1,ambiguous_low_freq,,,
'Orient,1,ambiguous_low_freq,,,
Fredrik Wilhelm,1,ambiguous_low_freq,,,
Torngberg,1,ambiguous_low_freq,,,
Wadstena,1,ambiguous_low_freq,,,
HERNO-SAND,1,ambiguous_low_freq,,,
MONTROSE,1,ambiguous_low_freq,,,
arried about without diffi,1,ambiguous_low_freq,,,
STROMBORG,1,ambiguous_low_freq,,,
HERNOSAND,1,ambiguous_low_freq,,,
Villa Vartan,1,ambiguous_low_freq,,,
Tonnay Charaute,1,ambiguous_low_freq,,,
Tonnay Charante,1,ambiguous_low_freq,,,
Flanders,1,ambiguous_low_freq,,,
Wadau,1,ambiguous_low_freq,,,
Norway Yd,1,ambiguous_low_freq,,,
Cherry Garden Pier,1,ambiguous_low_freq,,,
Commercial Dk,1,ambiguous_low_freq,,,
Uthammar,1,ambiguous_low_freq,,,
Mercury Bay,1,ambiguous_low_freq,,,
Carammal,1,ambiguous_low_freq,,,
Carrizal,1,ambiguous_low_freq,,,
Carrie,1,ambiguous_low_freq,,,
Arcachin,1,ambiguous_low_freq,,,
Cortland,1,ambiguous_low_freq,,,
Aura,1,ambiguous_low_freq,,,
Arenc,1,ambiguous_low_freq,,,
Chailles,1,ambiguous_low_freq,,,
"Norfolk, V.A.",1,ambiguous_low_freq,,,
Fiskebackskill,1,ambiguous_low_freq,,,
"Bangkok, via Cadiz",1,ambiguous_low_freq,,,
Fiskebackskil,1,ambiguous_low_freq,,,
Cabarati,1,ambiguous_low_freq,,,
Apeldo,1,ambiguous_low_freq,,,
"New Orleans to Belfast, trans",1,ambiguous_low_freq,,,
Tampico,1,ambiguous_low_freq,,,
Sandifgord,1,ambiguous_low_freq,,,
Fordeaux,1,ambiguous_low_freq,,,
W.C.A.,1,ambiguous_low_freq,,,
Fredestrand,1,ambiguous_low_freq,,,
Canillac,1,ambiguous_low_freq,,,
MESANE,1,ambiguous_low_freq,,,
Homlstrand,1,ambiguous_low_freq,,,
Windan,1,ambiguous_low_freq,,,
Setubal,1,ambiguous_low_freq,,,
Saigon,1,ambiguous_low_freq,,,
Stronstad,1,ambiguous_low_freq,,,
Porsholm,1,ambiguous_low_freq,,,
Wanewik,1,ambiguous_low_freq,,,
"For the carpenter, slater, and plasterer's work of new dwelling",1,ambiguous_low_freq,,,
SHARP,1,ambiguous_low_freq,,,
Helensborg,1,ambiguous_low_freq,,,
Hernos,1,ambiguous_low_freq,,,
"Bangor, U.S.A.",1,ambiguous_low_freq,,,
Iraskjoldsvik,1,ambiguous_low_freq,,,
Vianna do Castello,1,ambiguous_low_freq,,,
Lulea and Skelleftea,1,ambiguous_low_freq,,,
"Christiania, Laurvigdal",1,ambiguous_low_freq,,,
Darg,1,ambiguous_low_freq,,,
tran,1,ambiguous_low_freq,,,
Vienna,1,ambiguous_low_freq,,,
Bord aux,1,ambiguous_low_freq,,,
Law,1,ambiguous_low_freq,,,
Tyne Dock,1,ambiguous_low_freq,,,
St. John's and Halifax,1,ambiguous_low_freq,,,
Gothenburg and Fredik,1,ambiguous_low_freq,,,
Stockholm and Newfair,1,ambiguous_low_freq,,,
Wilmington N.C.,1,ambiguous_low_freq,,,
Fijeholm,1,ambiguous_low_freq,,,
GAMLA KARLEBY,1,ambiguous_low_freq,,,
WESTERVIK,1,ambiguous_low_freq,,,
BERGGUARA,1,ambiguous_low_freq,,,
"spected by forest rangers, whose duty it is to report on the existing state of the proclaimed reserves, control the operations of licensed timber",1,ambiguous_low_freq,,,
Horningsholm,1,ambiguous_low_freq,,,
Bonavista,1,ambiguous_low_freq,,,
Miridan,1,ambiguous_low_freq,,,
Bunbury,1,ambiguous_low_freq,,,
Botorp,1,ambiguous_low_freq,,,
Stad,1,ambiguous_low_freq,,,
"St. Margaret's Bay, N.S",1,ambiguous_low_freq,,,
Kaska,1,ambiguous_low_freq,,,
Go'henburg,1,ambiguous_low_freq,,,
Luvik,1,ambiguous_low_freq,,,
Galats,1,ambiguous_low_freq,,,
Burria,1,ambiguous_low_freq,,,
Umea and Mo,1,ambiguous_low_freq,,,
Pansborg,1,ambiguous_low_freq,,,
Chatham N. B.,1,ambiguous_low_freq,,,
B. ALMQUIST ... ... ... RED --,1,ambiguous_low_freq,,,
Lauroig,1,ambiguous_low_freq,,,
Lahou qty logs and timber sundry consignees,1,ambiguous_low_freq,,,
"Christiania, etc.",1,ambiguous_low_freq,,,
Dunkerque,1,ambiguous_low_freq,,,
Jull,1,ambiguous_low_freq,,,
Pont l'able,1,ambiguous_low_freq,,,
Gothenbarg,1,ambiguous_low_freq,,,
Portland Me.,1,ambiguous_low_freq,,,
"Halifax, N.S. and St. John, N.B.",1,ambiguous_low_freq,,,
Rafo,1,ambiguous_low_freq,,,
Botorpsham,1,ambiguous_low_freq,,,
Norrviken,1,ambiguous_low_freq,,,
Frome,1,ambiguous_low_freq,,,
L' Orient,1,ambiguous_low_freq,,,
Person,1,ambiguous_low_freq,,,
Fredrick,1,ambiguous_low_freq,,,
Ness,1,ambiguous_low_freq,,,
Villagareia,1,ambiguous_low_freq,,,
"Halifax,N.S.",1,ambiguous_low_freq,,,
Exploit Bay,1,ambiguous_low_freq,,,
Aby,1,ambiguous_low_freq,,,
"Boston, U.S.A.",1,ambiguous_low_freq,,,
"Avonport, N.S.",1,ambiguous_low_freq,,,
Faxa,1,ambiguous_low_freq,,,
"Chatham, N B",1,ambiguous_low_freq,,,
Baie de Verte,1,ambiguous_low_freq,,,
Pantine,1,ambiguous_low_freq,,,
Norsholm,1,ambiguous_low_freq,,,
Yetterfors,1,ambiguous_low_freq,,,
Narvic,1,ambiguous_low_freq,,,
Igzesund,1,ambiguous_low_freq,,,
Ludvig,1,ambiguous_low_freq,,,
Tweed,1,ambiguous_low_freq,,,
Borg,1,ambiguous_low_freq,,,
Warber,1,ambiguous_low_freq,,,
"W.C. Africa, Forcados",1,ambiguous_low_freq,,,
Hummelvik,1,ambiguous_low_freq,,,
Sinowjews,1,ambiguous_low_freq,,,
"Tusket, N.S.",1,ambiguous_low_freq,,,
Tornio,1,ambiguous_low_freq,,,
Sundau,1,ambiguous_low_freq,,,
Newport Mews,1,ambiguous_low_freq,,,
"Jacquit River, N.B.",1,ambiguous_low_freq,,,
"Bangor, Me.",1,ambiguous_low_freq,,,
"Bangor, Maine",1,ambiguous_low_freq,,,
"Dariero, G.A.",1,ambiguous_low_freq,,,
Soderkalix,1,ambiguous_low_freq,,,
"Halifax, N.S.,",1,ambiguous_low_freq,,,
Neuvelle,1,ambiguous_low_freq,,,
Stensborg,1,ambiguous_low_freq,,,
SANDS,1,ambiguous_low_freq,,,
LAGOS,1,ambiguous_low_freq,,,
AXIM,1,ambiguous_low_freq,,,
Rosbras,1,ambiguous_low_freq,,,
Fingelholm,1,ambiguous_low_freq,,,
Norrjelge,1,ambiguous_low_freq,,,
Awray,1,ambiguous_low_freq,,,
"Kingston, Jamaica",1,ambiguous_low_freq,,,
Falkner,1,ambiguous_low_freq,,,
Margrethe,1,ambiguous_low_freq,,,
La Trinite,1,ambiguous_low_freq,,,
Frisketackskil,1,ambiguous_low_freq,,,
Aahus,1,ambiguous_low_freq,,,
Monsteros,1,ambiguous_low_freq,,,
Kannisaarri,1,ambiguous_low_freq,,,
Marino,1,ambiguous_low_freq,,,
Warwik,1,ambiguous_low_freq,,,
Kristianopol,1,ambiguous_low_freq,,,
Bergqvora,1,ambiguous_low_freq,,,
Beamerside,1,ambiguous_low_freq,,,
Stathelle,1,ambiguous_low_freq,,,
Sandvik and Umea,1,ambiguous_low_freq,,,
Spruce Deals,1,ambiguous_low_freq,,,
Dursey,1,ambiguous_low_freq,,,
Nederkalik,1,ambiguous_low_freq,,,
Yxpila,1,ambiguous_low_freq,,,
Rige,1,ambiguous_low_freq,,,
Chatham N.B.,1,ambiguous_low_freq,,,
Minde,1,ambiguous_low_freq,,,
Franton,1,ambiguous_low_freq,,,
"door work the deliveries of wood continue fairly large, and, were it not for the check given by the great advance in cost, deliveries would no doubt be still larger. Besides the increased cost free",1,ambiguous_low_freq,,,
